gameweek,roster_id,pp_points,points,manager,matchup_id,opponent_id,pp_points_opponent,points_opponent,pp_win,win,all_play,league
1,1,153.48,151.57999999999998,DanCoulton,5,8,151.14000000000001,129.14,1.0,1.0,7.0,House of Hard Knocks
1,2,187.44,159.28,MajorNC,2,5,141.95999999999998,115.96000000000001,1.0,1.0,8.0,House of Hard Knocks
1,3,189.95999999999998,165.92000000000002,Tomcoulton10,4,7,153.6,125.69999999999999,1.0,1.0,9.0,House of Hard Knocks
1,4,135.01999999999998,117.12,0llie,1,6,144.82,115.74,0.0,1.0,2.0,House of Hard Knocks
1,5,141.95999999999998,115.96000000000001,calumedwards,2,2,187.44,159.28,0.0,0.0,1.0,House of Hard Knocks
1,6,144.82,115.74,hyperpringle,1,4,135.01999999999998,117.12,1.0,0.0,0.0,House of Hard Knocks
1,7,153.6,125.69999999999999,Pindeco,4,3,189.95999999999998,165.92000000000002,0.0,0.0,3.0,House of Hard Knocks
1,8,151.14000000000001,129.14,Jonnydubz,5,1,153.48,151.57999999999998,0.0,0.0,4.0,House of Hard Knocks
1,9,171.9,149.92000000000002,splangtree,3,10,142.88,135.08,1.0,1.0,6.0,House of Hard Knocks
1,10,142.88,135.08,JoeWright,3,9,171.9,149.92000000000002,0.0,0.0,5.0,House of Hard Knocks
2,1,122.12,89.7,DanCoulton,4,9,215.4,191.04,0.0,0.0,0.0,House of Hard Knocks
2,2,185.38,166.88,MajorNC,2,6,165.34,148.54000000000002,1.0,1.0,6.0,House of Hard Knocks
2,3,187.52,176.92000000000002,Tomcoulton10,3,10,144.18,122.08,1.0,1.0,7.0,House of Hard Knocks
2,4,206.24,191.94,0llie,1,5,153.82,142.64,1.0,1.0,9.0,House of Hard Knocks
2,5,153.82,142.64,calumedwards,1,4,206.24,191.94,0.0,0.0,4.0,House of Hard Knocks
2,6,165.34,148.54000000000002,hyperpringle,2,2,185.38,166.88,0.0,0.0,5.0,House of Hard Knocks
2,7,118.32,101.22,Pindeco,5,8,179.29999999999998,140.34,0.0,0.0,1.0,House of Hard Knocks
2,8,179.29999999999998,140.34,Jonnydubz,5,7,118.32,101.22,1.0,1.0,3.0,House of Hard Knocks
2,9,215.4,191.04,splangtree,4,1,122.12,89.7,1.0,1.0,8.0,House of Hard Knocks
2,10,144.18,122.08,JoeWright,3,3,187.52,176.92000000000002,0.0,0.0,2.0,House of Hard Knocks
3,1,146.94,131.24,DanCoulton,5,3,150.44000000000003,149.64,0.0,0.0,1.0,House of Hard Knocks
3,2,159.14,139.14,MajorNC,1,4,180.54,177.34,0.0,0.0,3.0,House of Hard Knocks
3,3,150.44000000000003,149.64,Tomcoulton10,5,1,146.94,131.24,1.0,1.0,4.0,House of Hard Knocks
3,4,180.54,177.34,0llie,1,2,159.14,139.14,1.0,1.0,9.0,House of Hard Knocks
3,5,166.66,156.46,calumedwards,2,6,182.48,160.18,0.0,0.0,7.0,House of Hard Knocks
3,6,182.48,160.18,hyperpringle,2,5,166.66,156.46,1.0,1.0,8.0,House of Hard Knocks
3,7,155.42000000000002,150.01999999999998,Pindeco,3,10,161.07999999999998,151.68,0.0,0.0,5.0,House of Hard Knocks
3,8,110.98,92.26,Jonnydubz,4,9,157.20000000000002,131.9,0.0,0.0,0.0,House of Hard Knocks
3,9,157.20000000000002,131.9,splangtree,4,8,110.98,92.26,1.0,1.0,2.0,House of Hard Knocks
3,10,161.07999999999998,151.68,JoeWright,3,7,155.42000000000002,150.01999999999998,1.0,1.0,6.0,House of Hard Knocks
4,1,190.0,165.7,DanCoulton,5,7,176.54000000000002,170.44,1.0,0.0,7.0,House of Hard Knocks
4,2,168.5,155.1,MajorNC,4,8,171.04000000000002,145.84,0.0,1.0,4.0,House of Hard Knocks
4,3,205.98000000000002,176.96,Tomcoulton10,3,5,174.16000000000003,163.06,1.0,1.0,9.0,House of Hard Knocks
4,4,178.35999999999999,164.96,0llie,1,10,138.72000000000003,114.58,1.0,1.0,6.0,House of Hard Knocks
4,5,174.16000000000003,163.06,calumedwards,3,3,205.98000000000002,176.96,0.0,0.0,5.0,House of Hard Knocks
4,6,159.66000000000003,146.06,hyperpringle,2,9,180.02,146.20000000000002,0.0,0.0,2.0,House of Hard Knocks
4,7,176.54000000000002,170.44,Pindeco,5,1,190.0,165.7,0.0,1.0,8.0,House of Hard Knocks
4,8,171.04000000000002,145.84,Jonnydubz,4,2,168.5,155.1,1.0,0.0,1.0,House of Hard Knocks
4,9,180.02,146.20000000000002,splangtree,2,6,159.66000000000003,146.06,1.0,1.0,3.0,House of Hard Knocks
4,10,138.72000000000003,114.58,JoeWright,1,4,178.35999999999999,164.96,0.0,0.0,0.0,House of Hard Knocks
5,1,162.14000000000001,153.84,DanCoulton,4,2,200.09999999999997,161.98,0.0,0.0,3.0,House of Hard Knocks
5,2,200.09999999999997,161.98,MajorNC,4,1,162.14000000000001,153.84,1.0,1.0,8.0,House of Hard Knocks
5,3,190.27999999999997,189.88,Tomcoulton10,5,8,134.1,120.54,1.0,1.0,9.0,House of Hard Knocks
5,4,151.51999999999998,141.5,0llie,1,9,161.2,160.3,0.0,0.0,2.0,House of Hard Knocks
5,5,172.56,157.36,calumedwards,3,7,109.5,103.6,1.0,1.0,5.0,House of Hard Knocks
5,6,168.84,161.14000000000001,hyperpringle,2,10,167.14,154.44,1.0,1.0,7.0,House of Hard Knocks
5,7,109.5,103.6,Pindeco,3,5,172.56,157.36,0.0,0.0,0.0,House of Hard Knocks
5,8,134.1,120.54,Jonnydubz,5,3,190.27999999999997,189.88,0.0,0.0,1.0,House of Hard Knocks
5,9,161.2,160.3,splangtree,1,4,151.51999999999998,141.5,1.0,1.0,6.0,House of Hard Knocks
5,10,167.14,154.44,JoeWright,2,6,168.84,161.14000000000001,0.0,0.0,4.0,House of Hard Knocks
6,1,143.86,139.72,DanCoulton,3,5,117.26,115.36,1.0,1.0,7.0,House of Hard Knocks
6,2,148.56,137.56,MajorNC,4,9,138.08,131.3,1.0,1.0,6.0,House of Hard Knocks
6,3,191.88000000000002,184.57999999999998,Tomcoulton10,1,4,107.69999999999999,104.8,1.0,1.0,9.0,House of Hard Knocks
6,4,107.69999999999999,104.8,0llie,1,3,191.88000000000002,184.57999999999998,0.0,0.0,0.0,House of Hard Knocks
6,5,117.26,115.36,calumedwards,3,1,143.86,139.72,0.0,0.0,1.0,House of Hard Knocks
6,6,202.77999999999997,184.08,hyperpringle,2,7,128.24,115.74,1.0,1.0,8.0,House of Hard Knocks
6,7,128.24,115.74,Pindeco,2,6,202.77999999999997,184.08,0.0,0.0,2.0,House of Hard Knocks
6,8,171.14000000000001,123.98,Jonnydubz,5,10,142.67999999999998,128.57999999999998,1.0,0.0,3.0,House of Hard Knocks
6,9,138.08,131.3,splangtree,4,2,148.56,137.56,0.0,0.0,5.0,House of Hard Knocks
6,10,142.67999999999998,128.57999999999998,JoeWright,5,8,171.14000000000001,123.98,0.0,1.0,4.0,House of Hard Knocks
7,1,162.74,128.48,DanCoulton,2,6,204.14000000000004,184.1,0.0,0.0,2.0,House of Hard Knocks
7,2,183.06000000000003,158.4,MajorNC,4,10,152.58,149.88,1.0,1.0,6.0,House of Hard Knocks
7,3,147.9,132.94,Tomcoulton10,5,9,195.44,166.9,0.0,0.0,4.0,House of Hard Knocks
7,4,225.94000000000005,211.44,0llie,1,7,55.86000000000001,39.06,1.0,1.0,9.0,House of Hard Knocks
7,5,146.66,128.35999999999999,calumedwards,3,8,154.6,131.6,0.0,0.0,1.0,House of Hard Knocks
7,6,204.14000000000004,184.1,hyperpringle,2,1,162.74,128.48,1.0,1.0,8.0,House of Hard Knocks
7,7,55.86000000000001,39.06,Pindeco,1,4,225.94000000000005,211.44,0.0,0.0,0.0,House of Hard Knocks
7,8,154.6,131.6,Jonnydubz,3,5,146.66,128.35999999999999,1.0,1.0,3.0,House of Hard Knocks
7,9,195.44,166.9,splangtree,5,3,147.9,132.94,1.0,1.0,7.0,House of Hard Knocks
7,10,152.58,149.88,JoeWright,4,2,183.06000000000003,158.4,0.0,0.0,5.0,House of Hard Knocks
8,1,163.18,150.07999999999998,DanCoulton,1,4,172.26000000000002,172.26000000000002,0.0,0.0,6.0,House of Hard Knocks
8,2,172.57999999999998,171.1,MajorNC,4,3,108.06,95.16,1.0,1.0,8.0,House of Hard Knocks
8,3,108.06,95.16,Tomcoulton10,4,2,172.57999999999998,171.1,0.0,0.0,1.0,House of Hard Knocks
8,4,172.26000000000002,172.26000000000002,0llie,1,1,163.18,150.07999999999998,1.0,1.0,9.0,House of Hard Knocks
8,5,140.23999999999998,140.24,calumedwards,3,10,102.02000000000001,86.72,1.0,1.0,4.0,House of Hard Knocks
8,6,117.54,114.54,hyperpringle,2,8,153.66000000000003,147.76,0.0,0.0,3.0,House of Hard Knocks
8,7,127.32000000000001,112.32,Pindeco,5,9,189.38,169.18,0.0,0.0,2.0,House of Hard Knocks
8,8,153.66000000000003,147.76,Jonnydubz,2,6,117.54,114.54,1.0,1.0,5.0,House of Hard Knocks
8,9,189.38,169.18,splangtree,5,7,127.32000000000001,112.32,1.0,1.0,7.0,House of Hard Knocks
8,10,102.02000000000001,86.72,JoeWright,3,5,140.23999999999998,140.24,0.0,0.0,0.0,House of Hard Knocks
9,1,127.76,120.66,DanCoulton,5,10,149.5,114.96000000000001,0.0,1.0,3.0,House of Hard Knocks
9,2,198.42000000000002,180.44,MajorNC,4,7,122.47999999999999,115.88,1.0,1.0,8.0,House of Hard Knocks
9,3,196.90000000000003,196.9,Tomcoulton10,2,6,180.64,148.92,1.0,1.0,9.0,House of Hard Knocks
9,4,158.78,141.28,0llie,1,8,166.94,154.94,0.0,0.0,5.0,House of Hard Knocks
9,5,110.61999999999998,110.62,calumedwards,3,9,186.73999999999998,134.6,0.0,0.0,0.0,House of Hard Knocks
9,6,180.64,148.92,hyperpringle,2,3,196.90000000000003,196.9,0.0,0.0,6.0,House of Hard Knocks
9,7,122.47999999999999,115.88,Pindeco,4,2,198.42000000000002,180.44,0.0,0.0,2.0,House of Hard Knocks
9,8,166.94,154.94,Jonnydubz,1,4,158.78,141.28,1.0,1.0,7.0,House of Hard Knocks
9,9,186.73999999999998,134.6,splangtree,3,5,110.61999999999998,110.62,1.0,1.0,4.0,House of Hard Knocks
9,10,149.5,114.96000000000001,JoeWright,5,1,127.76,120.66,1.0,0.0,1.0,House of Hard Knocks
10,1,163.22000000000003,162.56,DanCoulton,5,8,127.32,117.82,1.0,1.0,6.0,House of Hard Knocks
10,2,141.12,139.72,MajorNC,2,5,177.50000000000003,170.54,0.0,0.0,3.0,House of Hard Knocks
10,3,172.32,155.42,Tomcoulton10,4,7,179.57999999999998,172.98,0.0,0.0,4.0,House of Hard Knocks
10,4,150.89999999999998,137.9,0llie,1,6,165.12,162.42,0.0,0.0,2.0,House of Hard Knocks
10,5,177.50000000000003,170.54,calumedwards,2,2,141.12,139.72,1.0,1.0,7.0,House of Hard Knocks
10,6,165.12,162.42,hyperpringle,1,4,150.89999999999998,137.9,1.0,1.0,5.0,House of Hard Knocks
10,7,179.57999999999998,172.98,Pindeco,4,3,172.32,155.42,1.0,1.0,8.0,House of Hard Knocks
10,8,127.32,117.82,Jonnydubz,5,1,163.22000000000003,162.56,0.0,0.0,1.0,House of Hard Knocks
10,9,197.1,197.1,splangtree,3,10,116.92,105.92,1.0,1.0,9.0,House of Hard Knocks
10,10,116.92,105.92,JoeWright,3,9,197.1,197.1,0.0,0.0,0.0,House of Hard Knocks
11,1,177.65999999999997,166.46,DanCoulton,4,9,174.76,155.26,1.0,1.0,9.0,House of Hard Knocks
11,2,108.28,108.28,MajorNC,2,6,177.84,139.42000000000002,0.0,0.0,2.0,House of Hard Knocks
11,3,174.34000000000003,151.78,Tomcoulton10,3,10,101.94000000000003,99.56,1.0,1.0,7.0,House of Hard Knocks
11,4,122.94,115.14,0llie,1,5,169.23999999999998,137.82,0.0,0.0,4.0,House of Hard Knocks
11,5,169.23999999999998,137.82,calumedwards,1,4,122.94,115.14,1.0,1.0,5.0,House of Hard Knocks
11,6,177.84,139.42000000000002,hyperpringle,2,2,108.28,108.28,1.0,1.0,6.0,House of Hard Knocks
11,7,120.71999999999998,112.2,Pindeco,5,8,115.7,102.8,1.0,1.0,3.0,House of Hard Knocks
11,8,115.7,102.8,Jonnydubz,5,7,120.71999999999998,112.2,0.0,0.0,1.0,House of Hard Knocks
11,9,174.76,155.26,splangtree,4,1,177.65999999999997,166.46,0.0,0.0,8.0,House of Hard Knocks
11,10,101.94000000000003,99.56,JoeWright,3,3,174.34000000000003,151.78,0.0,0.0,0.0,House of Hard Knocks
12,1,155.79999999999998,150.3,DanCoulton,5,3,159.89999999999998,157.12,0.0,0.0,6.0,House of Hard Knocks
12,2,150.38,150.38,MajorNC,1,4,182.14,173.04,0.0,0.0,7.0,House of Hard Knocks
12,3,159.89999999999998,157.12,Tomcoulton10,5,1,155.79999999999998,150.3,1.0,1.0,8.0,House of Hard Knocks
12,4,182.14,173.04,0llie,1,2,150.38,150.38,1.0,1.0,9.0,House of Hard Knocks
12,5,168.22,143.9,calumedwards,2,6,159.88,144.98,1.0,0.0,2.0,House of Hard Knocks
12,6,159.88,144.98,hyperpringle,2,5,168.22,143.9,0.0,1.0,4.0,House of Hard Knocks
12,7,109.52000000000001,97.30000000000001,Pindeco,3,10,150.10000000000002,147.2,0.0,0.0,1.0,House of Hard Knocks
12,8,105.12,96.52000000000001,Jonnydubz,4,9,151.10000000000002,144.1,0.0,0.0,0.0,House of Hard Knocks
12,9,151.10000000000002,144.1,splangtree,4,8,105.12,96.52000000000001,1.0,1.0,3.0,House of Hard Knocks
12,10,150.10000000000002,147.2,JoeWright,3,7,109.52000000000001,97.30000000000001,1.0,1.0,5.0,House of Hard Knocks
13,1,153.48,113.08,DanCoulton,5,7,84.26,76.26,1.0,1.0,5.0,House of Hard Knocks
13,2,129.02,104.24,MajorNC,4,8,101.6,82.34,1.0,1.0,4.0,House of Hard Knocks
13,3,160.92000000000002,142.12,Tomcoulton10,3,5,97.95999999999998,88.46000000000001,1.0,1.0,7.0,House of Hard Knocks
13,4,110.88,58.7,0llie,1,10,120.57999999999998,120.58,0.0,0.0,0.0,House of Hard Knocks
13,5,97.95999999999998,88.46000000000001,calumedwards,3,3,160.92000000000002,142.12,0.0,0.0,3.0,House of Hard Knocks
13,6,197.02,181.72,hyperpringle,2,9,168.10000000000002,152.8,1.0,1.0,9.0,House of Hard Knocks
13,7,84.26,76.26,Pindeco,5,1,153.48,113.08,0.0,0.0,1.0,House of Hard Knocks
13,8,101.6,82.34,Jonnydubz,4,2,129.02,104.24,0.0,0.0,2.0,House of Hard Knocks
13,9,168.10000000000002,152.8,splangtree,2,6,197.02,181.72,0.0,0.0,8.0,House of Hard Knocks
13,10,120.57999999999998,120.58,JoeWright,1,4,110.88,58.7,1.0,1.0,6.0,House of Hard Knocks
14,1,0.0,0.0,DanCoulton,4,2,0.0,0.0,0.5,0.5,4.5,House of Hard Knocks
14,2,0.0,0.0,MajorNC,4,1,0.0,0.0,0.5,0.5,4.5,House of Hard Knocks
14,3,0.0,0.0,Tomcoulton10,5,8,0.0,0.0,0.5,0.5,4.5,House of Hard Knocks
14,4,0.0,0.0,0llie,1,9,0.0,0.0,0.5,0.5,4.5,House of Hard Knocks
14,5,0.0,0.0,calumedwards,3,7,0.0,0.0,0.5,0.5,4.5,House of Hard Knocks
14,6,0.0,0.0,hyperpringle,2,10,0.0,0.0,0.5,0.5,4.5,House of Hard Knocks
14,7,0.0,0.0,Pindeco,3,5,0.0,0.0,0.5,0.5,4.5,House of Hard Knocks
14,8,0.0,0.0,Jonnydubz,5,3,0.0,0.0,0.5,0.5,4.5,House of Hard Knocks
14,9,0.0,0.0,splangtree,1,4,0.0,0.0,0.5,0.5,4.5,House of Hard Knocks
14,10,0.0,0.0,JoeWright,2,6,0.0,0.0,0.5,0.5,4.5,House of Hard Knocks
15,1,0.0,0.0,DanCoulton,3,5,0.0,0.0,0.5,0.5,4.5,House of Hard Knocks
15,2,0.0,0.0,MajorNC,4,9,0.0,0.0,0.5,0.5,4.5,House of Hard Knocks
15,3,0.0,0.0,Tomcoulton10,1,4,0.0,0.0,0.5,0.5,4.5,House of Hard Knocks
15,4,0.0,0.0,0llie,1,3,0.0,0.0,0.5,0.5,4.5,House of Hard Knocks
15,5,0.0,0.0,calumedwards,3,1,0.0,0.0,0.5,0.5,4.5,House of Hard Knocks
15,6,0.0,0.0,hyperpringle,2,7,0.0,0.0,0.5,0.5,4.5,House of Hard Knocks
15,7,0.0,0.0,Pindeco,2,6,0.0,0.0,0.5,0.5,4.5,House of Hard Knocks
15,8,0.0,0.0,Jonnydubz,5,10,0.0,0.0,0.5,0.5,4.5,House of Hard Knocks
15,9,0.0,0.0,splangtree,4,2,0.0,0.0,0.5,0.5,4.5,House of Hard Knocks
15,10,0.0,0.0,JoeWright,5,8,0.0,0.0,0.5,0.5,4.5,House of Hard Knocks
1,1,128.18,94.18,msouthwell,3,5,121.22,106.02,1.0,0.0,3.0,Across The Pond
1,2,141.32,117.42,jhh82,1,9,123.96,121.36,1.0,0.0,8.0,Across The Pond
1,3,65.84,62.44,Dominichudson1986,5,8,124.5,107.08,0.0,0.0,0.0,Across The Pond
1,4,106.72,84.12,DanCoulton,2,7,119.02000000000001,84.92,0.0,0.0,1.0,Across The Pond
1,5,121.22,106.02,JPLdavies2024,3,1,128.18,94.18,0.0,1.0,6.0,Across The Pond
1,6,138.86,105.75999999999999,steveoreilly7,4,10,119.32000000000001,96.12,1.0,1.0,5.0,Across The Pond
1,7,119.02000000000001,84.92,JoeWright,2,4,106.72,84.12,1.0,1.0,2.0,Across The Pond
1,8,124.5,107.08,mikepearson,5,3,65.84,62.44,1.0,1.0,7.0,Across The Pond
1,9,123.96,121.36,benturvill61,1,2,141.32,117.42,0.0,1.0,9.0,Across The Pond
1,10,119.32000000000001,96.12,WALLER79,4,6,138.86,105.75999999999999,0.0,0.0,4.0,Across The Pond
2,1,131.34000000000003,123.03999999999999,msouthwell,4,3,112.44,102.34,1.0,1.0,7.0,Across The Pond
2,2,146.38,126.88,jhh82,2,7,120.34,82.24,1.0,1.0,8.0,Across The Pond
2,3,112.44,102.34,Dominichudson1986,4,1,131.34000000000003,123.03999999999999,0.0,0.0,3.0,Across The Pond
2,4,138.39999999999998,100.1,DanCoulton,1,9,114.12,110.32000000000001,1.0,0.0,2.0,Across The Pond
2,5,118.14,105.6,JPLdavies2024,3,10,98.58,53.48,1.0,1.0,4.0,Across The Pond
2,6,145.70000000000002,117.2,steveoreilly7,5,8,138.29999999999998,130.1,1.0,0.0,6.0,Across The Pond
2,7,120.34,82.24,JoeWright,2,2,146.38,126.88,0.0,0.0,1.0,Across The Pond
2,8,138.29999999999998,130.1,mikepearson,5,6,145.70000000000002,117.2,0.0,1.0,9.0,Across The Pond
2,9,114.12,110.32000000000001,benturvill61,1,4,138.39999999999998,100.1,0.0,1.0,5.0,Across The Pond
2,10,98.58,53.48,WALLER79,3,5,118.14,105.6,0.0,0.0,0.0,Across The Pond
3,1,159.24,134.24,msouthwell,4,8,106.02,88.92,1.0,1.0,8.0,Across The Pond
3,2,117.26,109.56,jhh82,2,4,99.02,92.02,1.0,1.0,5.0,Across The Pond
3,3,164.02,144.52,Dominichudson1986,5,10,137.82,124.02,1.0,1.0,9.0,Across The Pond
3,4,99.02,92.02,DanCoulton,2,2,117.26,109.56,0.0,0.0,1.0,Across The Pond
3,5,105.56,103.53999999999999,JPLdavies2024,3,6,139.12,111.52000000000001,0.0,0.0,3.0,Across The Pond
3,6,139.12,111.52000000000001,steveoreilly7,3,5,105.56,103.53999999999999,1.0,1.0,6.0,Across The Pond
3,7,103.62000000000002,94.61999999999999,JoeWright,1,9,123.12,104.82,0.0,0.0,2.0,Across The Pond
3,8,106.02,88.92,mikepearson,4,1,159.24,134.24,0.0,0.0,0.0,Across The Pond
3,9,123.12,104.82,benturvill61,1,7,103.62000000000002,94.61999999999999,1.0,1.0,4.0,Across The Pond
3,10,137.82,124.02,WALLER79,5,3,164.02,144.52,0.0,0.0,7.0,Across The Pond
4,1,153.89999999999998,131.0,msouthwell,2,2,132.10000000000002,124.69999999999999,1.0,1.0,6.0,Across The Pond
4,2,132.10000000000002,124.69999999999999,jhh82,2,1,153.89999999999998,131.0,0.0,0.0,5.0,Across The Pond
4,3,97.94,79.64,Dominichudson1986,5,6,148.38,109.58,0.0,0.0,1.0,Across The Pond
4,4,119.68000000000002,106.68,DanCoulton,3,10,162.22,144.62,0.0,0.0,3.0,Across The Pond
4,5,142.06,131.44,JPLdavies2024,1,9,153.85999999999999,134.16,0.0,0.0,7.0,Across The Pond
4,6,148.38,109.58,steveoreilly7,5,3,97.94,79.64,1.0,1.0,4.0,Across The Pond
4,7,111.08,77.58,JoeWright,4,8,108.46000000000001,97.18,1.0,0.0,0.0,Across The Pond
4,8,108.46000000000001,97.18,mikepearson,4,7,111.08,77.58,0.0,1.0,2.0,Across The Pond
4,9,153.85999999999999,134.16,benturvill61,1,5,142.06,131.44,1.0,1.0,8.0,Across The Pond
4,10,162.22,144.62,WALLER79,3,4,119.68000000000002,106.68,1.0,1.0,9.0,Across The Pond
5,1,140.20000000000002,114.0,msouthwell,1,9,115.32000000000001,102.42,1.0,1.0,4.0,Across The Pond
5,2,120.02,112.42,jhh82,2,5,118.68,116.32000000000001,1.0,0.0,3.0,Across The Pond
5,3,143.6,129.5,Dominichudson1986,4,7,158.88,119.68,0.0,1.0,9.0,Across The Pond
5,4,132.04,128.94,DanCoulton,3,6,109.94,90.74,1.0,1.0,8.0,Across The Pond
5,5,118.68,116.32000000000001,JPLdavies2024,2,2,120.02,112.42,0.0,1.0,5.0,Across The Pond
5,6,109.94,90.74,steveoreilly7,3,4,132.04,128.94,0.0,0.0,1.0,Across The Pond
5,7,158.88,119.68,JoeWright,4,3,143.6,129.5,1.0,0.0,7.0,Across The Pond
5,8,80.52,78.42,mikepearson,5,10,124.73999999999998,116.72,0.0,0.0,0.0,Across The Pond
5,9,115.32000000000001,102.42,benturvill61,1,1,140.20000000000002,114.0,0.0,0.0,2.0,Across The Pond
5,10,124.73999999999998,116.72,WALLER79,5,8,80.52,78.42,1.0,1.0,6.0,Across The Pond
6,1,130.32000000000002,128.32,msouthwell,4,7,107.88,103.48,1.0,1.0,8.0,Across The Pond
6,2,89.58,81.18,jhh82,2,6,90.13999999999999,86.94,0.0,0.0,0.0,Across The Pond
6,3,144.06,118.36,Dominichudson1986,3,4,128.36,103.46000000000001,1.0,1.0,6.0,Across The Pond
6,4,128.36,103.46000000000001,DanCoulton,3,3,144.06,118.36,0.0,0.0,4.0,Across The Pond
6,5,141.74,129.24,JPLdavies2024,5,8,138.78,119.32,1.0,1.0,9.0,Across The Pond
6,6,90.13999999999999,86.94,steveoreilly7,2,2,89.58,81.18,1.0,1.0,1.0,Across The Pond
6,7,107.88,103.48,JoeWright,4,1,130.32000000000002,128.32,0.0,0.0,5.0,Across The Pond
6,8,138.78,119.32,mikepearson,5,5,141.74,129.24,0.0,0.0,7.0,Across The Pond
6,9,103.7,96.3,benturvill61,1,10,112.03999999999999,102.74000000000001,0.0,0.0,2.0,Across The Pond
6,10,112.03999999999999,102.74000000000001,WALLER79,1,9,103.7,96.3,1.0,1.0,3.0,Across The Pond
7,1,137.64,116.84,msouthwell,5,10,154.89999999999998,131.28,0.0,0.0,5.0,Across The Pond
7,2,129.94,122.64,jhh82,2,3,166.56,135.66,0.0,0.0,6.0,Across The Pond
7,3,166.56,135.66,Dominichudson1986,2,2,129.94,122.64,1.0,1.0,8.0,Across The Pond
7,4,127.83999999999999,101.64,DanCoulton,3,8,102.53999999999999,85.94,1.0,1.0,2.0,Across The Pond
7,5,154.26,144.86,JPLdavies2024,4,7,95.82000000000001,90.92,1.0,1.0,9.0,Across The Pond
7,6,118.38,114.38,steveoreilly7,1,9,136.42,112.42,0.0,1.0,4.0,Across The Pond
7,7,95.82000000000001,90.92,JoeWright,4,5,154.26,144.86,0.0,0.0,1.0,Across The Pond
7,8,102.53999999999999,85.94,mikepearson,3,4,127.83999999999999,101.64,0.0,0.0,0.0,Across The Pond
7,9,136.42,112.42,benturvill61,1,6,118.38,114.38,1.0,0.0,3.0,Across The Pond
7,10,154.89999999999998,131.28,WALLER79,5,1,137.64,116.84,1.0,1.0,7.0,Across The Pond
8,1,159.36,140.16,msouthwell,5,6,123.92,110.42,1.0,1.0,9.0,Across The Pond
8,2,90.16,90.16,jhh82,2,8,120.4,107.0,0.0,0.0,1.0,Across The Pond
8,3,122.67999999999999,122.68,Dominichudson1986,1,9,127.28,126.88,0.0,0.0,6.0,Across The Pond
8,4,129.7,126.89999999999999,DanCoulton,3,5,109.82000000000001,108.32,1.0,1.0,8.0,Across The Pond
8,5,109.82000000000001,108.32,JPLdavies2024,3,4,129.7,126.89999999999999,0.0,0.0,4.0,Across The Pond
8,6,123.92,110.42,steveoreilly7,5,1,159.36,140.16,0.0,0.0,5.0,Across The Pond
8,7,99.88000000000001,95.88,JoeWright,4,10,101.78000000000002,67.28,0.0,1.0,2.0,Across The Pond
8,8,120.4,107.0,mikepearson,2,2,90.16,90.16,1.0,1.0,3.0,Across The Pond
8,9,127.28,126.88,benturvill61,1,3,122.67999999999999,122.68,1.0,1.0,7.0,Across The Pond
8,10,101.78000000000002,67.28,WALLER79,4,7,99.88000000000001,95.88,1.0,0.0,0.0,Across The Pond
9,1,91.62,89.22,msouthwell,3,4,128.94,119.44,0.0,0.0,0.0,Across The Pond
9,2,114.1,102.5,jhh82,2,10,168.89999999999998,149.46,0.0,0.0,4.0,Across The Pond
9,3,122.32000000000001,108.22,Dominichudson1986,5,5,124.39999999999999,112.2,0.0,0.0,5.0,Across The Pond
9,4,128.94,119.44,DanCoulton,3,1,91.62,89.22,1.0,1.0,8.0,Across The Pond
9,5,124.39999999999999,112.2,JPLdavies2024,5,3,122.32000000000001,108.22,1.0,1.0,6.0,Across The Pond
9,6,125.14,100.16,steveoreilly7,4,7,120.67999999999999,116.17999999999999,1.0,0.0,3.0,Across The Pond
9,7,120.67999999999999,116.17999999999999,JoeWright,4,6,125.14,100.16,0.0,1.0,7.0,Across The Pond
9,8,111.1,92.9,mikepearson,1,9,95.72,90.72,1.0,1.0,2.0,Across The Pond
9,9,95.72,90.72,benturvill61,1,8,111.1,92.9,0.0,0.0,1.0,Across The Pond
9,10,168.89999999999998,149.46,WALLER79,2,2,114.1,102.5,1.0,1.0,9.0,Across The Pond
10,1,147.51999999999998,131.82,msouthwell,3,5,115.52,109.42,1.0,1.0,8.0,Across The Pond
10,2,115.16000000000001,97.36000000000001,jhh82,1,9,126.02,101.64,0.0,0.0,3.0,Across The Pond
10,3,77.7,77.7,Dominichudson1986,5,8,158.5,143.6,0.0,0.0,0.0,Across The Pond
10,4,143.38,127.48,DanCoulton,2,7,111.10000000000001,88.0,1.0,1.0,7.0,Across The Pond
10,5,115.52,109.42,JPLdavies2024,3,1,147.51999999999998,131.82,0.0,0.0,5.0,Across The Pond
10,6,120.39999999999999,96.94,steveoreilly7,4,10,111.5,109.8,1.0,0.0,2.0,Across The Pond
10,7,111.10000000000001,88.0,JoeWright,2,4,143.38,127.48,0.0,0.0,1.0,Across The Pond
10,8,158.5,143.6,mikepearson,5,3,77.7,77.7,1.0,1.0,9.0,Across The Pond
10,9,126.02,101.64,benturvill61,1,2,115.16000000000001,97.36000000000001,1.0,1.0,4.0,Across The Pond
10,10,111.5,109.8,WALLER79,4,6,120.39999999999999,96.94,0.0,1.0,6.0,Across The Pond
11,1,141.6,112.6,msouthwell,4,3,115.19999999999999,93.4,1.0,1.0,7.0,Across The Pond
11,2,102.24,89.74000000000001,jhh82,2,7,115.1,115.1,0.0,0.0,3.0,Across The Pond
11,3,115.19999999999999,93.4,Dominichudson1986,4,1,141.6,112.6,0.0,0.0,4.0,Across The Pond
11,4,110.26,103.46,DanCoulton,1,9,109.28,84.68,1.0,1.0,6.0,Across The Pond
11,5,126.42,100.42,JPLdavies2024,3,10,158.14,143.14000000000001,0.0,0.0,5.0,Across The Pond
11,6,105.09999999999998,79.12,steveoreilly7,5,8,89.6,88.0,1.0,0.0,0.0,Across The Pond
11,7,115.1,115.1,JoeWright,2,2,102.24,89.74000000000001,1.0,1.0,8.0,Across The Pond
11,8,89.6,88.0,mikepearson,5,6,105.09999999999998,79.12,0.0,1.0,2.0,Across The Pond
11,9,109.28,84.68,benturvill61,1,4,110.26,103.46,0.0,0.0,1.0,Across The Pond
11,10,158.14,143.14000000000001,WALLER79,3,5,126.42,100.42,1.0,1.0,9.0,Across The Pond
12,1,138.56,106.06,msouthwell,4,8,100.35999999999999,72.16,1.0,1.0,4.0,Across The Pond
12,2,121.78,121.28,jhh82,2,4,119.38000000000001,107.98,1.0,1.0,7.0,Across The Pond
12,3,104.56,92.36,Dominichudson1986,5,10,115.96,108.96,0.0,0.0,1.0,Across The Pond
12,4,119.38000000000001,107.98,DanCoulton,2,2,121.78,121.28,0.0,0.0,5.0,Across The Pond
12,5,144.85999999999999,144.66,JPLdavies2024,3,6,133.62,94.12,1.0,1.0,9.0,Across The Pond
12,6,133.62,94.12,steveoreilly7,3,5,144.85999999999999,144.66,0.0,0.0,2.0,Across The Pond
12,7,104.74,104.74,JoeWright,1,9,140.92000000000002,140.92,0.0,0.0,3.0,Across The Pond
12,8,100.35999999999999,72.16,mikepearson,4,1,138.56,106.06,0.0,0.0,0.0,Across The Pond
12,9,140.92000000000002,140.92,benturvill61,1,7,104.74,104.74,1.0,1.0,8.0,Across The Pond
12,10,115.96,108.96,WALLER79,5,3,104.56,92.36,1.0,1.0,6.0,Across The Pond
13,1,107.6,88.9,msouthwell,2,2,99.04,79.74,1.0,1.0,5.0,Across The Pond
13,2,99.04,79.74,jhh82,2,1,107.6,88.9,0.0,0.0,3.0,Across The Pond
13,3,103.66,91.5,Dominichudson1986,5,6,101.12,64.04,1.0,1.0,6.0,Across The Pond
13,4,115.83999999999999,84.89999999999999,DanCoulton,3,10,76.66,42.9,1.0,1.0,4.0,Across The Pond
13,5,160.29999999999998,147.2,JPLdavies2024,1,9,77.36,54.54,1.0,1.0,9.0,Across The Pond
13,6,101.12,64.04,steveoreilly7,5,3,103.66,91.5,0.0,0.0,2.0,Across The Pond
13,7,126.84,113.24,JoeWright,4,8,106.84,96.03999999999999,1.0,1.0,8.0,Across The Pond
13,8,106.84,96.03999999999999,mikepearson,4,7,126.84,113.24,0.0,0.0,7.0,Across The Pond
13,9,77.36,54.54,benturvill61,1,5,160.29999999999998,147.2,0.0,0.0,1.0,Across The Pond
13,10,76.66,42.9,WALLER79,3,4,115.83999999999999,84.89999999999999,0.0,0.0,0.0,Across The Pond
14,1,0.0,0.0,msouthwell,1,9,0.0,0.0,0.5,0.5,4.5,Across The Pond
14,2,0.0,0.0,jhh82,2,5,0.0,0.0,0.5,0.5,4.5,Across The Pond
14,3,0.0,0.0,Dominichudson1986,4,7,0.0,0.0,0.5,0.5,4.5,Across The Pond
14,4,0.0,0.0,DanCoulton,3,6,0.0,0.0,0.5,0.5,4.5,Across The Pond
14,5,0.0,0.0,JPLdavies2024,2,2,0.0,0.0,0.5,0.5,4.5,Across The Pond
14,6,0.0,0.0,steveoreilly7,3,4,0.0,0.0,0.5,0.5,4.5,Across The Pond
14,7,0.0,0.0,JoeWright,4,3,0.0,0.0,0.5,0.5,4.5,Across The Pond
14,8,0.0,0.0,mikepearson,5,10,0.0,0.0,0.5,0.5,4.5,Across The Pond
14,9,0.0,0.0,benturvill61,1,1,0.0,0.0,0.5,0.5,4.5,Across The Pond
14,10,0.0,0.0,WALLER79,5,8,0.0,0.0,0.5,0.5,4.5,Across The Pond
15,1,0.0,0.0,msouthwell,4,7,0.0,0.0,0.5,0.5,4.5,Across The Pond
15,2,0.0,0.0,jhh82,2,6,0.0,0.0,0.5,0.5,4.5,Across The Pond
15,3,0.0,0.0,Dominichudson1986,3,4,0.0,0.0,0.5,0.5,4.5,Across The Pond
15,4,0.0,0.0,DanCoulton,3,3,0.0,0.0,0.5,0.5,4.5,Across The Pond
15,5,0.0,0.0,JPLdavies2024,5,8,0.0,0.0,0.5,0.5,4.5,Across The Pond
15,6,0.0,0.0,steveoreilly7,2,2,0.0,0.0,0.5,0.5,4.5,Across The Pond
15,7,0.0,0.0,JoeWright,4,1,0.0,0.0,0.5,0.5,4.5,Across The Pond
15,8,0.0,0.0,mikepearson,5,5,0.0,0.0,0.5,0.5,4.5,Across The Pond
15,9,0.0,0.0,benturvill61,1,10,0.0,0.0,0.5,0.5,4.5,Across The Pond
15,10,0.0,0.0,WALLER79,1,9,0.0,0.0,0.5,0.5,4.5,Across The Pond
1,1,150.88,136.88,benturvill61,2,11,112.72,96.72,1.0,1.0,11.0,Super Flex Keeper
1,2,143.78000000000003,103.62,mikepearson,3,10,110.97999999999999,97.32,1.0,1.0,4.0,Super Flex Keeper
1,3,117.34,102.04,splangtree,4,6,123.2,106.8,0.0,0.0,3.0,Super Flex Keeper
1,4,131.0,117.9,DanCoulton,5,9,142.07999999999998,118.28,0.0,0.0,7.0,Super Flex Keeper
1,5,139.32,114.96000000000001,Tomcoulton10,6,8,154.14,133.24,0.0,0.0,6.0,Super Flex Keeper
1,6,123.2,106.8,0llie,4,3,117.34,102.04,1.0,1.0,5.0,Super Flex Keeper
1,7,143.94,133.34,Pindeco,1,12,107.94,80.24,1.0,1.0,10.0,Super Flex Keeper
1,8,154.14,133.24,JoeWright,6,5,139.32,114.96000000000001,1.0,1.0,9.0,Super Flex Keeper
1,9,142.07999999999998,118.28,hyperpringle,5,4,131.0,117.9,1.0,1.0,8.0,Super Flex Keeper
1,10,110.97999999999999,97.32,msouthwell,3,2,143.78000000000003,103.62,0.0,0.0,2.0,Super Flex Keeper
1,11,112.72,96.72,LannySenior,2,1,150.88,136.88,0.0,0.0,1.0,Super Flex Keeper
1,12,107.94,80.24,jhh82,1,7,143.94,133.34,0.0,0.0,0.0,Super Flex Keeper
2,1,162.60000000000002,136.92000000000002,benturvill61,1,10,144.42000000000002,116.02000000000001,1.0,1.0,10.0,Super Flex Keeper
2,2,150.24,118.18,mikepearson,3,7,164.62,156.72,0.0,0.0,6.0,Super Flex Keeper
2,3,112.76,101.06,splangtree,6,5,137.84,119.94,0.0,0.0,1.0,Super Flex Keeper
2,4,133.98000000000002,82.82000000000001,DanCoulton,5,6,124.75999999999999,114.44,1.0,0.0,0.0,Super Flex Keeper
2,5,137.84,119.94,Tomcoulton10,6,3,112.76,101.06,1.0,1.0,7.0,Super Flex Keeper
2,6,124.75999999999999,114.44,0llie,5,4,133.98000000000002,82.82000000000001,0.0,1.0,4.0,Super Flex Keeper
2,7,164.62,156.72,Pindeco,3,2,150.24,118.18,1.0,1.0,11.0,Super Flex Keeper
2,8,124.38,112.78,JoeWright,4,9,137.01999999999998,136.62,0.0,0.0,3.0,Super Flex Keeper
2,9,137.01999999999998,136.62,hyperpringle,4,8,124.38,112.78,1.0,1.0,9.0,Super Flex Keeper
2,10,144.42000000000002,116.02000000000001,msouthwell,1,1,162.60000000000002,136.92000000000002,0.0,0.0,5.0,Super Flex Keeper
2,11,141.04,107.14,LannySenior,2,12,150.85999999999999,135.86,0.0,0.0,2.0,Super Flex Keeper
2,12,150.85999999999999,135.86,jhh82,2,11,141.04,107.14,1.0,1.0,8.0,Super Flex Keeper
3,1,76.24,47.14,benturvill61,4,8,104.98,81.08,0.0,0.0,0.0,Super Flex Keeper
3,2,117.34,98.14,mikepearson,3,3,160.17999999999998,151.88,0.0,0.0,2.0,Super Flex Keeper
3,3,160.17999999999998,151.88,splangtree,3,2,117.34,98.14,1.0,1.0,11.0,Super Flex Keeper
3,4,143.85999999999999,135.56,DanCoulton,5,12,128.38,102.08,1.0,1.0,9.0,Super Flex Keeper
3,5,133.16,121.92,Tomcoulton10,6,7,128.76000000000002,120.06,1.0,1.0,6.0,Super Flex Keeper
3,6,113.11999999999999,107.22,0llie,2,11,143.28,126.3,0.0,0.0,4.0,Super Flex Keeper
3,7,128.76000000000002,120.06,Pindeco,6,5,133.16,121.92,0.0,0.0,5.0,Super Flex Keeper
3,8,104.98,81.08,JoeWright,4,1,76.24,47.14,1.0,1.0,1.0,Super Flex Keeper
3,9,138.78,132.48,hyperpringle,1,10,185.68,150.86,0.0,0.0,8.0,Super Flex Keeper
3,10,185.68,150.86,msouthwell,1,9,138.78,132.48,1.0,1.0,10.0,Super Flex Keeper
3,11,143.28,126.3,LannySenior,2,6,113.11999999999999,107.22,1.0,1.0,7.0,Super Flex Keeper
3,12,128.38,102.08,jhh82,5,4,143.85999999999999,135.56,0.0,0.0,3.0,Super Flex Keeper
4,1,100.98,90.28,benturvill61,1,7,169.86,149.96,0.0,0.0,1.0,Super Flex Keeper
4,2,151.82,131.1,mikepearson,3,12,173.10000000000002,145.4,0.0,0.0,7.0,Super Flex Keeper
4,3,103.15999999999998,70.34,splangtree,4,9,145.7,120.06,0.0,0.0,0.0,Super Flex Keeper
4,4,155.83999999999997,134.08,DanCoulton,5,8,127.94,112.03999999999999,1.0,1.0,8.0,Super Flex Keeper
4,5,175.33999999999997,159.14,Tomcoulton10,6,6,128.92000000000002,120.32,1.0,1.0,11.0,Super Flex Keeper
4,6,128.92000000000002,120.32,0llie,6,5,175.33999999999997,159.14,0.0,0.0,5.0,Super Flex Keeper
4,7,169.86,149.96,Pindeco,1,1,100.98,90.28,1.0,1.0,10.0,Super Flex Keeper
4,8,127.94,112.03999999999999,JoeWright,5,4,155.83999999999997,134.08,0.0,0.0,3.0,Super Flex Keeper
4,9,145.7,120.06,hyperpringle,4,3,103.15999999999998,70.34,1.0,1.0,4.0,Super Flex Keeper
4,10,142.54000000000002,122.36,msouthwell,2,11,117.44,101.54,1.0,1.0,6.0,Super Flex Keeper
4,11,117.44,101.54,LannySenior,2,10,142.54000000000002,122.36,0.0,0.0,2.0,Super Flex Keeper
4,12,173.10000000000002,145.4,jhh82,3,2,151.82,131.1,1.0,1.0,9.0,Super Flex Keeper
5,1,132.24,121.34,benturvill61,3,2,168.63999999999996,131.84,0.0,0.0,3.0,Super Flex Keeper
5,2,168.63999999999996,131.84,mikepearson,3,1,132.24,121.34,1.0,1.0,8.0,Super Flex Keeper
5,3,115.85999999999999,107.16,splangtree,5,4,127.12,127.12,0.0,0.0,2.0,Super Flex Keeper
5,4,127.12,127.12,DanCoulton,5,3,115.85999999999999,107.16,1.0,1.0,5.0,Super Flex Keeper
5,5,167.24,139.82,Tomcoulton10,6,9,152.40000000000003,123.42,1.0,1.0,10.0,Super Flex Keeper
5,6,88.86,79.86,0llie,4,8,117.44,106.54,0.0,0.0,0.0,Super Flex Keeper
5,7,128.48,127.68,Pindeco,2,11,164.98000000000002,142.18,0.0,0.0,6.0,Super Flex Keeper
5,8,117.44,106.54,JoeWright,4,6,88.86,79.86,1.0,1.0,1.0,Super Flex Keeper
5,9,152.40000000000003,123.42,hyperpringle,6,5,167.24,139.82,0.0,0.0,4.0,Super Flex Keeper
5,10,157.28,138.6,msouthwell,1,12,132.66,127.76,1.0,1.0,9.0,Super Flex Keeper
5,11,164.98000000000002,142.18,LannySenior,2,7,128.48,127.68,1.0,1.0,11.0,Super Flex Keeper
5,12,132.66,127.76,jhh82,1,10,157.28,138.6,0.0,0.0,7.0,Super Flex Keeper
6,1,98.76,84.46000000000001,benturvill61,1,3,117.36,114.06,0.0,0.0,1.0,Super Flex Keeper
6,2,139.78000000000003,120.4,mikepearson,3,6,134.94,128.34,1.0,0.0,7.0,Super Flex Keeper
6,3,117.36,114.06,splangtree,1,1,98.76,84.46000000000001,1.0,1.0,5.0,Super Flex Keeper
6,4,177.50000000000003,153.1,DanCoulton,5,10,120.53999999999999,119.14,1.0,1.0,10.0,Super Flex Keeper
6,5,110.0,98.88,Tomcoulton10,6,12,167.7,167.5,0.0,0.0,3.0,Super Flex Keeper
6,6,134.94,128.34,0llie,3,2,139.78000000000003,120.4,0.0,1.0,9.0,Super Flex Keeper
6,7,107.69999999999999,83.5,Pindeco,4,9,126.50000000000001,123.0,0.0,0.0,0.0,Super Flex Keeper
6,8,120.36000000000001,94.16,JoeWright,2,11,114.62,103.42,1.0,0.0,2.0,Super Flex Keeper
6,9,126.50000000000001,123.0,hyperpringle,4,7,107.69999999999999,83.5,1.0,1.0,8.0,Super Flex Keeper
6,10,120.53999999999999,119.14,msouthwell,5,4,177.50000000000003,153.1,0.0,0.0,6.0,Super Flex Keeper
6,11,114.62,103.42,LannySenior,2,8,120.36000000000001,94.16,0.0,1.0,4.0,Super Flex Keeper
6,12,167.7,167.5,jhh82,6,5,110.0,98.88,1.0,1.0,11.0,Super Flex Keeper
7,1,110.88,103.28,benturvill61,1,12,136.92000000000002,131.22,0.0,0.0,3.0,Super Flex Keeper
7,2,180.79999999999998,158.28,mikepearson,3,11,131.14000000000001,94.56,1.0,1.0,11.0,Super Flex Keeper
7,3,118.5,108.6,splangtree,5,8,129.84,114.03999999999999,0.0,0.0,5.0,Super Flex Keeper
7,4,164.96,134.46,DanCoulton,6,5,179.04000000000002,149.2,0.0,0.0,8.0,Super Flex Keeper
7,5,179.04000000000002,149.2,Tomcoulton10,6,4,164.96,134.46,1.0,1.0,9.0,Super Flex Keeper
7,6,106.0,104.1,0llie,4,9,167.22,151.72,0.0,0.0,4.0,Super Flex Keeper
7,7,93.44,90.24,Pindeco,2,10,108.05999999999999,101.94,0.0,0.0,0.0,Super Flex Keeper
7,8,129.84,114.03999999999999,JoeWright,5,3,118.5,108.6,1.0,1.0,6.0,Super Flex Keeper
7,9,167.22,151.72,hyperpringle,4,6,106.0,104.1,1.0,1.0,10.0,Super Flex Keeper
7,10,108.05999999999999,101.94,msouthwell,2,7,93.44,90.24,1.0,1.0,2.0,Super Flex Keeper
7,11,131.14000000000001,94.56,LannySenior,3,2,180.79999999999998,158.28,0.0,0.0,1.0,Super Flex Keeper
7,12,136.92000000000002,131.22,jhh82,1,1,110.88,103.28,1.0,1.0,7.0,Super Flex Keeper
8,1,192.32000000000002,182.62,benturvill61,2,11,94.66,72.96000000000001,1.0,1.0,11.0,Super Flex Keeper
8,2,142.88,140.18,mikepearson,3,10,129.92,123.42,1.0,1.0,7.0,Super Flex Keeper
8,3,98.55999999999999,98.56,splangtree,4,6,145.98000000000002,142.34,0.0,0.0,3.0,Super Flex Keeper
8,4,116.63999999999999,104.64,DanCoulton,5,9,144.94,144.94,0.0,0.0,4.0,Super Flex Keeper
8,5,115.4,91.8,Tomcoulton10,6,8,180.89999999999998,159.7,0.0,0.0,2.0,Super Flex Keeper
8,6,145.98000000000002,142.34,0llie,4,3,98.55999999999999,98.56,1.0,1.0,8.0,Super Flex Keeper
8,7,58.58,58.58,Pindeco,1,12,123.82000000000001,107.82,0.0,0.0,0.0,Super Flex Keeper
8,8,180.89999999999998,159.7,JoeWright,6,5,115.4,91.8,1.0,1.0,10.0,Super Flex Keeper
8,9,144.94,144.94,hyperpringle,5,4,116.63999999999999,104.64,1.0,1.0,9.0,Super Flex Keeper
8,10,129.92,123.42,msouthwell,3,2,142.88,140.18,0.0,0.0,6.0,Super Flex Keeper
8,11,94.66,72.96000000000001,LannySenior,2,1,192.32000000000002,182.62,0.0,0.0,1.0,Super Flex Keeper
8,12,123.82000000000001,107.82,jhh82,1,7,58.58,58.58,1.0,1.0,5.0,Super Flex Keeper
9,1,143.72,106.16,benturvill61,2,4,155.82,147.22,0.0,0.0,3.0,Super Flex Keeper
9,2,108.98,100.06,mikepearson,6,8,143.34,128.14,0.0,0.0,2.0,Super Flex Keeper
9,3,101.29999999999998,75.74,splangtree,4,12,121.27999999999999,121.28,0.0,0.0,0.0,Super Flex Keeper
9,4,155.82,147.22,DanCoulton,2,1,143.72,106.16,1.0,1.0,11.0,Super Flex Keeper
9,5,139.74,114.03999999999999,Tomcoulton10,3,10,147.35999999999999,130.3,0.0,0.0,4.0,Super Flex Keeper
9,6,138.26,132.06,0llie,1,7,79.28,77.38,1.0,1.0,8.0,Super Flex Keeper
9,7,79.28,77.38,Pindeco,1,6,138.26,132.06,0.0,0.0,1.0,Super Flex Keeper
9,8,143.34,128.14,JoeWright,6,2,108.98,100.06,1.0,1.0,6.0,Super Flex Keeper
9,9,151.45999999999998,133.26,hyperpringle,5,11,147.8,141.7,1.0,0.0,9.0,Super Flex Keeper
9,10,147.35999999999999,130.3,msouthwell,3,5,139.74,114.03999999999999,1.0,1.0,7.0,Super Flex Keeper
9,11,147.8,141.7,LannySenior,5,9,151.45999999999998,133.26,0.0,1.0,10.0,Super Flex Keeper
9,12,121.27999999999999,121.28,jhh82,4,3,101.29999999999998,75.74,1.0,1.0,5.0,Super Flex Keeper
10,1,117.93999999999998,103.14,benturvill61,1,10,134.7,125.32,0.0,0.0,4.0,Super Flex Keeper
10,2,119.84,118.14,mikepearson,3,7,124.78,124.78,0.0,0.0,5.0,Super Flex Keeper
10,3,114.22,99.72,splangtree,6,5,134.42000000000002,120.7,0.0,0.0,3.0,Super Flex Keeper
10,4,152.02,133.32,DanCoulton,5,6,138.95999999999998,127.26,1.0,1.0,10.0,Super Flex Keeper
10,5,134.42000000000002,120.7,Tomcoulton10,6,3,114.22,99.72,1.0,1.0,6.0,Super Flex Keeper
10,6,138.95999999999998,127.26,0llie,5,4,152.02,133.32,0.0,0.0,9.0,Super Flex Keeper
10,7,124.78,124.78,Pindeco,3,2,119.84,118.14,1.0,1.0,7.0,Super Flex Keeper
10,8,112.18,88.08,JoeWright,4,9,181.32,175.52,0.0,0.0,1.0,Super Flex Keeper
10,9,181.32,175.52,hyperpringle,4,8,112.18,88.08,1.0,1.0,11.0,Super Flex Keeper
10,10,134.7,125.32,msouthwell,1,1,117.93999999999998,103.14,1.0,1.0,8.0,Super Flex Keeper
10,11,107.14000000000001,64.14,LannySenior,2,12,105.24000000000001,99.54,1.0,0.0,0.0,Super Flex Keeper
10,12,105.24000000000001,99.54,jhh82,2,11,107.14000000000001,64.14,0.0,1.0,2.0,Super Flex Keeper
11,1,131.76000000000002,108.84,benturvill61,1,7,128.44,127.44,1.0,0.0,6.0,Super Flex Keeper
11,2,99.84,98.04,mikepearson,3,12,122.26,122.25999999999999,0.0,0.0,2.0,Super Flex Keeper
11,3,103.39999999999999,99.22,splangtree,4,9,183.72,155.72,0.0,0.0,3.0,Super Flex Keeper
11,4,118.78,106.17999999999999,DanCoulton,5,8,115.34,86.44,1.0,1.0,4.0,Super Flex Keeper
11,5,80.42,77.72,Tomcoulton10,6,6,122.10000000000001,121.9,0.0,0.0,0.0,Super Flex Keeper
11,6,122.10000000000001,121.9,0llie,6,5,80.42,77.72,1.0,1.0,7.0,Super Flex Keeper
11,7,128.44,127.44,Pindeco,1,1,131.76000000000002,108.84,0.0,1.0,9.0,Super Flex Keeper
11,8,115.34,86.44,JoeWright,5,4,118.78,106.17999999999999,0.0,0.0,1.0,Super Flex Keeper
11,9,183.72,155.72,hyperpringle,4,3,103.39999999999999,99.22,1.0,1.0,11.0,Super Flex Keeper
11,10,126.63999999999999,106.24000000000001,msouthwell,2,11,146.68,133.78,0.0,0.0,5.0,Super Flex Keeper
11,11,146.68,133.78,LannySenior,2,10,126.63999999999999,106.24000000000001,1.0,1.0,10.0,Super Flex Keeper
11,12,122.26,122.25999999999999,jhh82,3,2,99.84,98.04,1.0,1.0,8.0,Super Flex Keeper
12,1,131.42000000000002,120.3,benturvill61,3,5,182.62,174.96,0.0,0.0,6.0,Super Flex Keeper
12,2,169.14,150.34,mikepearson,6,9,149.26000000000002,124.16,1.0,1.0,10.0,Super Flex Keeper
12,3,101.84,100.14,splangtree,5,11,124.18,115.8,0.0,0.0,2.0,Super Flex Keeper
12,4,143.64,131.24,DanCoulton,2,7,106.8,106.3,1.0,1.0,9.0,Super Flex Keeper
12,5,182.62,174.96,Tomcoulton10,3,1,131.42000000000002,120.3,1.0,1.0,11.0,Super Flex Keeper
12,6,96.68,83.03999999999999,0llie,4,10,135.22,124.82,0.0,0.0,1.0,Super Flex Keeper
12,7,106.8,106.3,Pindeco,2,4,143.64,131.24,0.0,0.0,4.0,Super Flex Keeper
12,8,112.16,100.16,JoeWright,1,12,88.16,76.86,1.0,1.0,3.0,Super Flex Keeper
12,9,149.26000000000002,124.16,hyperpringle,6,2,169.14,150.34,0.0,0.0,7.0,Super Flex Keeper
12,10,135.22,124.82,msouthwell,4,6,96.68,83.03999999999999,1.0,1.0,8.0,Super Flex Keeper
12,11,124.18,115.8,LannySenior,5,3,101.84,100.14,1.0,1.0,5.0,Super Flex Keeper
12,12,88.16,76.86,jhh82,1,8,112.16,100.16,0.0,0.0,0.0,Super Flex Keeper
13,1,110.17999999999999,95.98,benturvill61,3,2,118.27999999999999,107.18,0.0,0.0,7.0,Super Flex Keeper
13,2,118.27999999999999,107.18,mikepearson,3,1,110.17999999999999,95.98,1.0,1.0,8.0,Super Flex Keeper
13,3,159.48,145.26,splangtree,5,4,124.24,95.94,1.0,1.0,11.0,Super Flex Keeper
13,4,124.24,95.94,DanCoulton,5,3,159.48,145.26,0.0,0.0,6.0,Super Flex Keeper
13,5,107.01999999999998,78.92,Tomcoulton10,6,9,122.58,108.48,0.0,0.0,1.0,Super Flex Keeper
13,6,123.62,87.44,0llie,4,8,129.74,92.54,0.0,0.0,3.0,Super Flex Keeper
13,7,112.2,83.8,Pindeco,2,11,71.0,64.0,1.0,1.0,2.0,Super Flex Keeper
13,8,129.74,92.54,JoeWright,4,6,123.62,87.44,1.0,1.0,5.0,Super Flex Keeper
13,9,122.58,108.48,hyperpringle,6,5,107.01999999999998,78.92,1.0,1.0,9.0,Super Flex Keeper
13,10,121.16000000000001,89.96000000000001,msouthwell,1,12,128.70000000000002,115.6,0.0,0.0,4.0,Super Flex Keeper
13,11,71.0,64.0,LannySenior,2,7,112.2,83.8,0.0,0.0,0.0,Super Flex Keeper
13,12,128.70000000000002,115.6,jhh82,1,10,121.16000000000001,89.96000000000001,1.0,1.0,10.0,Super Flex Keeper
14,1,0.0,0.0,benturvill61,1,12,0.0,0.0,0.5,0.5,5.5,Super Flex Keeper
14,2,0.0,0.0,mikepearson,3,11,0.0,0.0,0.5,0.5,5.5,Super Flex Keeper
14,3,0.0,0.0,splangtree,5,8,0.0,0.0,0.5,0.5,5.5,Super Flex Keeper
14,4,0.0,0.0,DanCoulton,6,5,0.0,0.0,0.5,0.5,5.5,Super Flex Keeper
14,5,0.0,0.0,Tomcoulton10,6,4,0.0,0.0,0.5,0.5,5.5,Super Flex Keeper
14,6,0.0,0.0,0llie,4,9,0.0,0.0,0.5,0.5,5.5,Super Flex Keeper
14,7,0.0,0.0,Pindeco,2,10,0.0,0.0,0.5,0.5,5.5,Super Flex Keeper
14,8,0.0,0.0,JoeWright,5,3,0.0,0.0,0.5,0.5,5.5,Super Flex Keeper
14,9,0.0,0.0,hyperpringle,4,6,0.0,0.0,0.5,0.5,5.5,Super Flex Keeper
14,10,0.0,0.0,msouthwell,2,7,0.0,0.0,0.5,0.5,5.5,Super Flex Keeper
14,11,0.0,0.0,LannySenior,3,2,0.0,0.0,0.5,0.5,5.5,Super Flex Keeper
14,12,0.0,0.0,jhh82,1,1,0.0,0.0,0.5,0.5,5.5,Super Flex Keeper
1,1,111.60000000000001,98.72,DanCoulton,5,5,157.16,125.56,0.0,0.0,5.0,NFL Dynasty
1,2,151.82000000000002,107.08,TenAndJerry,4,3,125.06,117.26,1.0,0.0,7.0,NFL Dynasty
1,3,125.06,117.26,benturvill61,4,2,151.82000000000002,107.08,0.0,1.0,9.0,NFL Dynasty
1,4,114.58000000000001,87.38,calumedwards,3,7,144.68,109.08000000000001,0.0,0.0,1.0,NFL Dynasty
1,5,157.16,125.56,0llie,5,1,111.60000000000001,98.72,1.0,1.0,11.0,NFL Dynasty
1,6,86.8,84.4,jhh82,1,8,144.32000000000002,87.5,0.0,0.0,0.0,NFL Dynasty
1,7,144.68,109.08000000000001,JoeWright,3,4,114.58000000000001,87.38,1.0,1.0,8.0,NFL Dynasty
1,8,144.32000000000002,87.5,Pindeco,1,6,86.8,84.4,1.0,1.0,2.0,NFL Dynasty
1,9,144.31999999999996,122.22,mikepearson,2,10,138.28,106.32000000000001,1.0,1.0,10.0,NFL Dynasty
1,10,138.28,106.32000000000001,msouthwell,2,9,144.31999999999996,122.22,0.0,0.0,6.0,NFL Dynasty
1,11,144.66,97.18,Tomcoulton10,6,12,129.42,91.61999999999999,1.0,1.0,4.0,NFL Dynasty
1,12,129.42,91.61999999999999,hyperpringle,6,11,144.66,97.18,0.0,0.0,3.0,NFL Dynasty
2,1,145.34,113.64,DanCoulton,6,11,107.22000000000001,80.92,1.0,1.0,5.0,NFL Dynasty
2,2,156.4,126.68,TenAndJerry,4,4,189.70000000000002,177.5,0.0,0.0,9.0,NFL Dynasty
2,3,105.5,95.7,benturvill61,3,7,176.2,140.24,0.0,0.0,2.0,NFL Dynasty
2,4,189.70000000000002,177.5,calumedwards,4,2,156.4,126.68,1.0,1.0,11.0,NFL Dynasty
2,5,146.33999999999997,115.12,0llie,5,12,123.49999999999999,117.0,1.0,0.0,6.0,NFL Dynasty
2,6,99.6,77.98,jhh82,1,9,145.78,116.48,0.0,0.0,0.0,NFL Dynasty
2,7,176.2,140.24,JoeWright,3,3,105.5,95.7,1.0,1.0,10.0,NFL Dynasty
2,8,107.96000000000001,104.06,Pindeco,2,10,174.84,96.0,0.0,1.0,4.0,NFL Dynasty
2,9,145.78,116.48,mikepearson,1,6,99.6,77.98,1.0,1.0,7.0,NFL Dynasty
2,10,174.84,96.0,msouthwell,2,8,107.96000000000001,104.06,1.0,0.0,3.0,NFL Dynasty
2,11,107.22000000000001,80.92,Tomcoulton10,6,1,145.34,113.64,0.0,0.0,1.0,NFL Dynasty
2,12,123.49999999999999,117.0,hyperpringle,5,5,146.33999999999997,115.12,0.0,1.0,8.0,NFL Dynasty
3,1,117.03999999999999,87.34,DanCoulton,6,12,135.16000000000003,120.26,0.0,0.0,3.0,NFL Dynasty
3,2,139.62,136.51999999999998,TenAndJerry,3,7,184.54000000000005,181.64,0.0,0.0,9.0,NFL Dynasty
3,3,164.02,149.42,benturvill61,4,4,112.72,87.11999999999999,1.0,1.0,10.0,NFL Dynasty
3,4,112.72,87.11999999999999,calumedwards,4,3,164.02,149.42,0.0,0.0,2.0,NFL Dynasty
3,5,113.12,80.72,0llie,5,11,148.55999999999997,101.69999999999999,0.0,0.0,1.0,NFL Dynasty
3,6,114.72,67.4,jhh82,1,10,116.32000000000002,93.12,0.0,0.0,0.0,NFL Dynasty
3,7,184.54000000000005,181.64,JoeWright,3,2,139.62,136.51999999999998,1.0,1.0,11.0,NFL Dynasty
3,8,120.96000000000002,104.38,Pindeco,2,9,152.96,121.26,0.0,0.0,6.0,NFL Dynasty
3,9,152.96,121.26,mikepearson,2,8,120.96000000000002,104.38,1.0,1.0,8.0,NFL Dynasty
3,10,116.32000000000002,93.12,msouthwell,1,6,114.72,67.4,1.0,1.0,4.0,NFL Dynasty
3,11,148.55999999999997,101.69999999999999,Tomcoulton10,5,5,113.12,80.72,1.0,1.0,5.0,NFL Dynasty
3,12,135.16000000000003,120.26,hyperpringle,6,1,117.03999999999999,87.34,1.0,1.0,7.0,NFL Dynasty
4,1,160.45999999999998,134.5,DanCoulton,4,10,123.18,101.18,1.0,1.0,9.0,NFL Dynasty
4,2,150.56,127.42,TenAndJerry,6,11,161.1,150.96,0.0,0.0,7.0,NFL Dynasty
4,3,122.78,74.38,benturvill61,5,12,147.14,109.8,0.0,0.0,0.0,NFL Dynasty
4,4,166.12,129.92,calumedwards,2,8,108.38,99.42,1.0,1.0,8.0,NFL Dynasty
4,5,134.86,113.16,0llie,3,9,142.10000000000002,111.3,0.0,1.0,5.0,NFL Dynasty
4,6,125.18,117.88,jhh82,1,7,170.82000000000002,162.2,0.0,0.0,6.0,NFL Dynasty
4,7,170.82000000000002,162.2,JoeWright,1,6,125.18,117.88,1.0,1.0,11.0,NFL Dynasty
4,8,108.38,99.42,Pindeco,2,4,166.12,129.92,0.0,0.0,1.0,NFL Dynasty
4,9,142.10000000000002,111.3,mikepearson,3,5,134.86,113.16,1.0,0.0,4.0,NFL Dynasty
4,10,123.18,101.18,msouthwell,4,1,160.45999999999998,134.5,0.0,0.0,2.0,NFL Dynasty
4,11,161.1,150.96,Tomcoulton10,6,2,150.56,127.42,1.0,1.0,10.0,NFL Dynasty
4,12,147.14,109.8,hyperpringle,5,3,122.78,74.38,1.0,1.0,3.0,NFL Dynasty
5,1,136.88,127.68,DanCoulton,3,9,146.28,129.64,0.0,0.0,8.0,NFL Dynasty
5,2,172.26000000000002,126.44,TenAndJerry,6,12,153.32,149.02,1.0,0.0,7.0,NFL Dynasty
5,3,146.27999999999997,117.18,benturvill61,5,11,151.8,116.2,0.0,1.0,6.0,NFL Dynasty
5,4,122.92000000000002,103.02,calumedwards,1,6,76.12,73.32000000000001,1.0,1.0,2.0,NFL Dynasty
5,5,146.04000000000002,110.62,0llie,4,10,142.04,114.94,1.0,0.0,3.0,NFL Dynasty
5,6,76.12,73.32000000000001,jhh82,1,4,122.92000000000002,103.02,0.0,0.0,1.0,NFL Dynasty
5,7,151.84,142.5,JoeWright,2,8,86.24,67.52,1.0,1.0,10.0,NFL Dynasty
5,8,86.24,67.52,Pindeco,2,7,151.84,142.5,0.0,0.0,0.0,NFL Dynasty
5,9,146.28,129.64,mikepearson,3,1,136.88,127.68,1.0,1.0,9.0,NFL Dynasty
5,10,142.04,114.94,msouthwell,4,5,146.04000000000002,110.62,0.0,1.0,4.0,NFL Dynasty
5,11,151.8,116.2,Tomcoulton10,5,3,146.27999999999997,117.18,1.0,0.0,5.0,NFL Dynasty
5,12,153.32,149.02,hyperpringle,6,2,172.26000000000002,126.44,0.0,1.0,11.0,NFL Dynasty
6,1,178.9,164.84,DanCoulton,6,4,194.24,182.64,0.0,0.0,10.0,NFL Dynasty
6,2,108.46000000000001,93.03999999999999,TenAndJerry,2,8,84.32,83.22,1.0,1.0,4.0,NFL Dynasty
6,3,82.16,69.56,benturvill61,1,6,91.17999999999999,67.88,0.0,1.0,1.0,NFL Dynasty
6,4,194.24,182.64,calumedwards,6,1,178.9,164.84,1.0,1.0,11.0,NFL Dynasty
6,5,132.01999999999998,106.9,0llie,5,7,126.12,102.52,1.0,1.0,8.0,NFL Dynasty
6,6,91.17999999999999,67.88,jhh82,1,3,82.16,69.56,1.0,0.0,0.0,NFL Dynasty
6,7,126.12,102.52,JoeWright,5,5,132.01999999999998,106.9,0.0,0.0,7.0,NFL Dynasty
6,8,84.32,83.22,Pindeco,2,2,108.46000000000001,93.03999999999999,0.0,0.0,2.0,NFL Dynasty
6,9,156.28,137.88,mikepearson,3,12,118.80000000000001,100.30000000000001,1.0,1.0,9.0,NFL Dynasty
6,10,136.0,102.26,msouthwell,4,11,117.89999999999999,89.68,1.0,1.0,6.0,NFL Dynasty
6,11,117.89999999999999,89.68,Tomcoulton10,4,10,136.0,102.26,0.0,0.0,3.0,NFL Dynasty
6,12,118.80000000000001,100.30000000000001,hyperpringle,3,9,156.28,137.88,0.0,0.0,5.0,NFL Dynasty
7,1,159.92000000000002,135.86,DanCoulton,5,7,165.23999999999998,125.44,0.0,1.0,10.0,NFL Dynasty
7,2,189.9,115.22,TenAndJerry,1,6,85.88,79.97999999999999,1.0,1.0,6.0,NFL Dynasty
7,3,141.85999999999999,129.36,benturvill61,2,8,102.24000000000001,94.64,1.0,1.0,8.0,NFL Dynasty
7,4,122.78,95.08,calumedwards,6,5,140.74,107.54,0.0,0.0,4.0,NFL Dynasty
7,5,140.74,107.54,0llie,6,4,122.78,95.08,1.0,1.0,5.0,NFL Dynasty
7,6,85.88,79.97999999999999,jhh82,1,2,189.9,115.22,0.0,0.0,1.0,NFL Dynasty
7,7,165.23999999999998,125.44,JoeWright,5,1,159.92000000000002,135.86,1.0,0.0,7.0,NFL Dynasty
7,8,102.24000000000001,94.64,Pindeco,2,3,141.85999999999999,129.36,0.0,0.0,3.0,NFL Dynasty
7,9,178.34000000000003,145.24,mikepearson,3,11,173.26,132.66,1.0,1.0,11.0,NFL Dynasty
7,10,112.01999999999998,75.24,msouthwell,4,12,136.54000000000002,93.24,0.0,0.0,0.0,NFL Dynasty
7,11,173.26,132.66,Tomcoulton10,3,9,178.34000000000003,145.24,0.0,0.0,9.0,NFL Dynasty
7,12,136.54000000000002,93.24,hyperpringle,4,10,112.01999999999998,75.24,1.0,1.0,2.0,NFL Dynasty
8,1,154.32,120.12,DanCoulton,2,8,112.8,73.7,1.0,1.0,7.0,NFL Dynasty
8,2,140.07999999999998,107.67999999999999,TenAndJerry,4,10,181.68,132.28,0.0,0.0,4.0,NFL Dynasty
8,3,115.4,80.38,benturvill61,3,9,134.26,112.36,0.0,0.0,3.0,NFL Dynasty
8,4,118.88000000000001,74.08,calumedwards,6,11,139.52,133.07999999999998,0.0,0.0,2.0,NFL Dynasty
8,5,123.22,110.42,0llie,1,6,88.7,69.5,1.0,1.0,5.0,NFL Dynasty
8,6,88.7,69.5,jhh82,1,5,123.22,110.42,0.0,0.0,0.0,NFL Dynasty
8,7,164.85999999999999,151.86,JoeWright,5,12,172.12,140.22,0.0,1.0,11.0,NFL Dynasty
8,8,112.8,73.7,Pindeco,2,1,154.32,120.12,0.0,0.0,1.0,NFL Dynasty
8,9,134.26,112.36,mikepearson,3,3,115.4,80.38,1.0,1.0,6.0,NFL Dynasty
8,10,181.68,132.28,msouthwell,4,2,140.07999999999998,107.67999999999999,1.0,1.0,8.0,NFL Dynasty
8,11,139.52,133.07999999999998,Tomcoulton10,6,4,118.88000000000001,74.08,1.0,1.0,9.0,NFL Dynasty
8,12,172.12,140.22,hyperpringle,5,7,164.85999999999999,151.86,1.0,0.0,10.0,NFL Dynasty
9,1,156.73999999999998,101.1,DanCoulton,1,6,136.8,119.1,1.0,0.0,4.0,NFL Dynasty
9,2,101.10000000000001,74.5,TenAndJerry,3,9,151.4,122.0,0.0,0.0,0.0,NFL Dynasty
9,3,109.25999999999999,103.25999999999999,benturvill61,4,10,129.12,86.22,0.0,1.0,6.0,NFL Dynasty
9,4,151.66,147.66,calumedwards,6,12,167.08,99.48,0.0,1.0,10.0,NFL Dynasty
9,5,171.42000000000002,148.72,0llie,2,8,112.25999999999999,89.46000000000001,1.0,1.0,11.0,NFL Dynasty
9,6,136.8,119.1,jhh82,1,1,156.73999999999998,101.1,0.0,1.0,8.0,NFL Dynasty
9,7,133.8,102.2,JoeWright,5,11,120.84,105.94,1.0,0.0,5.0,NFL Dynasty
9,8,112.25999999999999,89.46000000000001,Pindeco,2,5,171.42000000000002,148.72,0.0,0.0,2.0,NFL Dynasty
9,9,151.4,122.0,mikepearson,3,2,101.10000000000001,74.5,1.0,1.0,9.0,NFL Dynasty
9,10,129.12,86.22,msouthwell,4,3,109.25999999999999,103.25999999999999,1.0,0.0,1.0,NFL Dynasty
9,11,120.84,105.94,Tomcoulton10,5,7,133.8,102.2,0.0,1.0,7.0,NFL Dynasty
9,12,167.08,99.48,hyperpringle,6,4,151.66,147.66,1.0,0.0,3.0,NFL Dynasty
10,1,171.1,146.07999999999998,DanCoulton,6,2,140.92,134.82,1.0,1.0,10.0,NFL Dynasty
10,2,140.92,134.82,TenAndJerry,6,1,171.1,146.07999999999998,0.0,0.0,7.0,NFL Dynasty
10,3,126.44,100.94,benturvill61,5,5,164.64000000000001,140.24,0.0,0.0,5.0,NFL Dynasty
10,4,119.09999999999998,112.9,calumedwards,4,10,114.20000000000002,79.1,1.0,1.0,6.0,NFL Dynasty
10,5,164.64000000000001,140.24,0llie,5,3,126.44,100.94,1.0,1.0,9.0,NFL Dynasty
10,6,92.00000000000001,81.6,jhh82,1,12,89.86,73.96,1.0,1.0,2.0,NFL Dynasty
10,7,189.72,169.32,JoeWright,3,9,119.38,95.58,1.0,1.0,11.0,NFL Dynasty
10,8,100.5,91.4,Pindeco,2,11,175.92000000000002,138.32,0.0,0.0,3.0,NFL Dynasty
10,9,119.38,95.58,mikepearson,3,7,189.72,169.32,0.0,0.0,4.0,NFL Dynasty
10,10,114.20000000000002,79.1,msouthwell,4,4,119.09999999999998,112.9,0.0,0.0,1.0,NFL Dynasty
10,11,175.92000000000002,138.32,Tomcoulton10,2,8,100.5,91.4,1.0,1.0,8.0,NFL Dynasty
10,12,89.86,73.96,hyperpringle,1,6,92.00000000000001,81.6,0.0,0.0,0.0,NFL Dynasty
11,1,122.91999999999999,96.42,DanCoulton,5,3,125.66,108.12,0.0,0.0,3.0,NFL Dynasty
11,2,109.62,102.72,TenAndJerry,6,5,149.07999999999998,137.28,0.0,0.0,4.0,NFL Dynasty
11,3,125.66,108.12,benturvill61,5,1,122.91999999999999,96.42,1.0,1.0,5.0,NFL Dynasty
11,4,198.12,136.94,calumedwards,3,9,123.36000000000001,114.14,1.0,1.0,10.0,NFL Dynasty
11,5,149.07999999999998,137.28,0llie,6,2,109.62,102.72,1.0,1.0,11.0,NFL Dynasty
11,6,147.62,108.32,jhh82,1,11,132.48,120.42,1.0,0.0,6.0,NFL Dynasty
11,7,146.0,116.4,JoeWright,4,10,108.42,66.42,1.0,1.0,8.0,NFL Dynasty
11,8,74.8,64.9,Pindeco,2,12,128.23999999999998,94.04,0.0,0.0,0.0,NFL Dynasty
11,9,123.36000000000001,114.14,mikepearson,3,4,198.12,136.94,0.0,0.0,7.0,NFL Dynasty
11,10,108.42,66.42,msouthwell,4,7,146.0,116.4,0.0,0.0,1.0,NFL Dynasty
11,11,132.48,120.42,Tomcoulton10,1,6,147.62,108.32,0.0,1.0,9.0,NFL Dynasty
11,12,128.23999999999998,94.04,hyperpringle,2,8,74.8,64.9,1.0,1.0,2.0,NFL Dynasty
12,1,119.76,116.36,DanCoulton,5,5,103.84,61.519999999999996,1.0,1.0,9.0,NFL Dynasty
12,2,148.23999999999998,107.53999999999999,TenAndJerry,4,3,114.66,110.62,1.0,0.0,5.0,NFL Dynasty
12,3,114.66,110.62,benturvill61,4,2,148.23999999999998,107.53999999999999,0.0,1.0,6.0,NFL Dynasty
12,4,116.15999999999998,112.75999999999999,calumedwards,3,7,154.26,103.06,0.0,1.0,7.0,NFL Dynasty
12,5,103.84,61.519999999999996,0llie,5,1,119.76,116.36,0.0,0.0,0.0,NFL Dynasty
12,6,109.05999999999999,99.86,jhh82,1,8,96.06,84.66,1.0,1.0,3.0,NFL Dynasty
12,7,154.26,103.06,JoeWright,3,4,116.15999999999998,112.75999999999999,1.0,0.0,4.0,NFL Dynasty
12,8,96.06,84.66,Pindeco,1,6,109.05999999999999,99.86,0.0,0.0,2.0,NFL Dynasty
12,9,147.48000000000002,131.57999999999998,mikepearson,2,10,130.04000000000002,115.74,1.0,1.0,10.0,NFL Dynasty
12,10,130.04000000000002,115.74,msouthwell,2,9,147.48000000000002,131.57999999999998,0.0,0.0,8.0,NFL Dynasty
12,11,197.18000000000004,179.72,Tomcoulton10,6,12,128.06,82.12,1.0,1.0,11.0,NFL Dynasty
12,12,128.06,82.12,hyperpringle,6,11,197.18000000000004,179.72,0.0,0.0,1.0,NFL Dynasty
13,1,178.7,121.7,DanCoulton,6,11,112.83999999999999,88.84,1.0,1.0,11.0,NFL Dynasty
13,2,145.65999999999997,113.58,TenAndJerry,4,4,113.03999999999999,70.2,1.0,1.0,9.0,NFL Dynasty
13,3,124.66000000000001,77.53999999999999,benturvill61,3,7,151.2,121.0,0.0,0.0,4.0,NFL Dynasty
13,4,113.03999999999999,70.2,calumedwards,4,2,145.65999999999997,113.58,0.0,0.0,2.0,NFL Dynasty
13,5,138.45999999999998,112.14,0llie,5,12,158.96,109.46000000000001,0.0,1.0,8.0,NFL Dynasty
13,6,77.96000000000001,54.76,jhh82,1,9,98.34,83.84,0.0,0.0,1.0,NFL Dynasty
13,7,151.2,121.0,JoeWright,3,3,124.66000000000001,77.53999999999999,1.0,1.0,10.0,NFL Dynasty
13,8,70.03999999999999,52.94,Pindeco,2,10,94.14000000000001,70.74,0.0,0.0,0.0,NFL Dynasty
13,9,98.34,83.84,mikepearson,1,6,77.96000000000001,54.76,1.0,1.0,5.0,NFL Dynasty
13,10,94.14000000000001,70.74,msouthwell,2,8,70.03999999999999,52.94,1.0,1.0,3.0,NFL Dynasty
13,11,112.83999999999999,88.84,Tomcoulton10,6,1,178.7,121.7,0.0,0.0,6.0,NFL Dynasty
13,12,158.96,109.46000000000001,hyperpringle,5,5,138.45999999999998,112.14,1.0,0.0,7.0,NFL Dynasty
14,1,0.0,0.0,DanCoulton,6,12,0.0,0.0,0.5,0.5,5.5,NFL Dynasty
14,2,0.0,0.0,TenAndJerry,3,7,0.0,0.0,0.5,0.5,5.5,NFL Dynasty
14,3,0.0,0.0,benturvill61,4,4,0.0,0.0,0.5,0.5,5.5,NFL Dynasty
14,4,0.0,0.0,calumedwards,4,3,0.0,0.0,0.5,0.5,5.5,NFL Dynasty
14,5,0.0,0.0,0llie,5,11,0.0,0.0,0.5,0.5,5.5,NFL Dynasty
14,6,0.0,0.0,jhh82,1,10,0.0,0.0,0.5,0.5,5.5,NFL Dynasty
14,7,0.0,0.0,JoeWright,3,2,0.0,0.0,0.5,0.5,5.5,NFL Dynasty
14,8,0.0,0.0,Pindeco,2,9,0.0,0.0,0.5,0.5,5.5,NFL Dynasty
14,9,0.0,0.0,mikepearson,2,8,0.0,0.0,0.5,0.5,5.5,NFL Dynasty
14,10,0.0,0.0,msouthwell,1,6,0.0,0.0,0.5,0.5,5.5,NFL Dynasty
14,11,0.0,0.0,Tomcoulton10,5,5,0.0,0.0,0.5,0.5,5.5,NFL Dynasty
14,12,0.0,0.0,hyperpringle,6,1,0.0,0.0,0.5,0.5,5.5,NFL Dynasty
1,1,161.60000000000002,145.3,MajorNC,6,10,134.5,97.97999999999999,1.0,1.0,11.0,UK Dynasty League 
1,2,143.62,123.52,Tomcoulton10,2,11,101.18,82.76,1.0,1.0,9.0,UK Dynasty League 
1,3,174.78000000000003,142.48,splangtree,4,6,112.19999999999999,92.3,1.0,1.0,10.0,UK Dynasty League 
1,4,128.8,112.2,benturvill61,1,7,109.46000000000001,95.96,1.0,1.0,5.0,UK Dynasty League 
1,5,130.71999999999997,115.98,mikepearson,3,9,147.74,104.08,0.0,1.0,7.0,UK Dynasty League 
1,6,112.19999999999999,92.3,wuds100,4,3,174.78000000000003,142.48,0.0,0.0,1.0,UK Dynasty League 
1,7,109.46000000000001,95.96,Pindeco,1,4,128.8,112.2,0.0,0.0,2.0,UK Dynasty League 
1,8,132.29999999999998,115.3,0llie,5,12,156.68,119.47999999999999,0.0,0.0,6.0,UK Dynasty League 
1,9,147.74,104.08,DanCoulton,3,5,130.71999999999997,115.98,1.0,0.0,4.0,UK Dynasty League 
1,10,134.5,97.97999999999999,boyd100,6,1,161.60000000000002,145.3,0.0,0.0,3.0,UK Dynasty League 
1,11,101.18,82.76,Falcano83,2,2,143.62,123.52,0.0,0.0,0.0,UK Dynasty League 
1,12,156.68,119.47999999999999,CantBuyABucket,5,8,132.29999999999998,115.3,1.0,1.0,8.0,UK Dynasty League 
2,1,197.10000000000002,174.4,MajorNC,5,8,103.84,83.94,1.0,1.0,11.0,UK Dynasty League 
2,2,199.44000000000003,152.58,Tomcoulton10,1,7,159.83999999999997,147.94,1.0,1.0,10.0,UK Dynasty League 
2,3,168.16,122.8,splangtree,3,5,122.16000000000001,81.12,1.0,1.0,6.0,UK Dynasty League 
2,4,140.34,94.44,benturvill61,2,11,127.33999999999999,93.14,1.0,1.0,4.0,UK Dynasty League 
2,5,122.16000000000001,81.12,mikepearson,3,3,168.16,122.8,0.0,0.0,0.0,UK Dynasty League 
2,6,95.17999999999999,83.88,wuds100,4,9,165.8,139.12,0.0,0.0,1.0,UK Dynasty League 
2,7,159.83999999999997,147.94,Pindeco,1,2,199.44000000000003,152.58,0.0,0.0,9.0,UK Dynasty League 
2,8,103.84,83.94,0llie,5,1,197.10000000000002,174.4,0.0,0.0,2.0,UK Dynasty League 
2,9,165.8,139.12,DanCoulton,4,6,95.17999999999999,83.88,1.0,1.0,8.0,UK Dynasty League 
2,10,137.26,133.44,boyd100,6,12,123.84000000000002,97.64,1.0,1.0,7.0,UK Dynasty League 
2,11,127.33999999999999,93.14,Falcano83,2,4,140.34,94.44,0.0,0.0,3.0,UK Dynasty League 
2,12,123.84000000000002,97.64,CantBuyABucket,6,10,137.26,133.44,0.0,0.0,5.0,UK Dynasty League 
3,1,153.82,131.2,MajorNC,6,12,182.11999999999998,122.1,0.0,1.0,9.0,UK Dynasty League 
3,2,178.74,136.56,Tomcoulton10,2,4,154.24,112.64,1.0,1.0,10.0,UK Dynasty League 
3,3,136.34,120.94,splangtree,4,9,131.17999999999998,118.18,1.0,1.0,7.0,UK Dynasty League 
3,4,154.24,112.64,benturvill61,2,2,178.74,136.56,0.0,0.0,4.0,UK Dynasty League 
3,5,120.3,91.78,mikepearson,3,6,155.44,138.84,0.0,0.0,2.0,UK Dynasty League 
3,6,155.44,138.84,wuds100,3,5,120.3,91.78,1.0,1.0,11.0,UK Dynasty League 
3,7,97.80000000000001,88.4,Pindeco,1,11,120.18,96.48,0.0,0.0,1.0,UK Dynasty League 
3,8,121.10000000000001,116.1,0llie,5,10,77.58000000000001,60.78,1.0,1.0,5.0,UK Dynasty League 
3,9,131.17999999999998,118.18,DanCoulton,4,3,136.34,120.94,0.0,0.0,6.0,UK Dynasty League 
3,10,77.58000000000001,60.78,boyd100,5,8,121.10000000000001,116.1,0.0,0.0,0.0,UK Dynasty League 
3,11,120.18,96.48,Falcano83,1,7,97.80000000000001,88.4,1.0,1.0,3.0,UK Dynasty League 
3,12,182.11999999999998,122.1,CantBuyABucket,6,1,153.82,131.2,1.0,0.0,8.0,UK Dynasty League 
4,1,163.85999999999999,140.0,MajorNC,5,3,160.89999999999998,123.24000000000001,1.0,1.0,8.0,UK Dynasty League 
4,2,167.92000000000002,150.82,Tomcoulton10,3,8,131.6,107.1,1.0,1.0,9.0,UK Dynasty League 
4,3,160.89999999999998,123.24000000000001,splangtree,5,1,163.85999999999999,140.0,0.0,0.0,5.0,UK Dynasty League 
4,4,158.94000000000003,137.84,benturvill61,2,9,174.46,163.46,0.0,0.0,7.0,UK Dynasty League 
4,5,171.88,161.78,mikepearson,1,7,93.64,80.04,1.0,1.0,10.0,UK Dynasty League 
4,6,130.38000000000002,128.48,wuds100,6,10,101.14000000000001,92.64,1.0,1.0,6.0,UK Dynasty League 
4,7,93.64,80.04,Pindeco,1,5,171.88,161.78,0.0,0.0,0.0,UK Dynasty League 
4,8,131.6,107.1,0llie,3,2,167.92000000000002,150.82,0.0,0.0,2.0,UK Dynasty League 
4,9,174.46,163.46,DanCoulton,2,4,158.94000000000003,137.84,1.0,1.0,11.0,UK Dynasty League 
4,10,101.14000000000001,92.64,boyd100,6,6,130.38000000000002,128.48,0.0,0.0,1.0,UK Dynasty League 
4,11,147.48,113.5,Falcano83,4,12,156.51999999999998,111.7,0.0,1.0,4.0,UK Dynasty League 
4,12,156.51999999999998,111.7,CantBuyABucket,4,11,147.48,113.5,1.0,0.0,3.0,UK Dynasty League 
5,1,119.66,119.66,MajorNC,6,6,92.34,88.94,1.0,1.0,4.0,UK Dynasty League 
5,2,187.70000000000002,171.64,Tomcoulton10,3,12,164.74,143.84,1.0,1.0,11.0,UK Dynasty League 
5,3,187.44000000000003,164.44,splangtree,5,10,143.76,121.66,1.0,1.0,10.0,UK Dynasty League 
5,4,114.56,107.36,benturvill61,2,5,133.46,130.06,0.0,0.0,2.0,UK Dynasty League 
5,5,133.46,130.06,mikepearson,2,4,114.56,107.36,1.0,1.0,6.0,UK Dynasty League 
5,6,92.34,88.94,wuds100,6,1,119.66,119.66,0.0,0.0,1.0,UK Dynasty League 
5,7,131.51999999999998,114.22,Pindeco,1,9,162.3,148.7,0.0,0.0,3.0,UK Dynasty League 
5,8,173.0,132.9,0llie,4,11,87.17999999999999,70.18,1.0,1.0,7.0,UK Dynasty League 
5,9,162.3,148.7,DanCoulton,1,7,131.51999999999998,114.22,1.0,1.0,9.0,UK Dynasty League 
5,10,143.76,121.66,boyd100,5,3,187.44000000000003,164.44,0.0,0.0,5.0,UK Dynasty League 
5,11,87.17999999999999,70.18,Falcano83,4,8,173.0,132.9,0.0,0.0,0.0,UK Dynasty League 
5,12,164.74,143.84,CantBuyABucket,3,2,187.70000000000002,171.64,0.0,0.0,8.0,UK Dynasty League 
6,1,147.66000000000003,131.26,MajorNC,3,2,167.44,139.58,0.0,0.0,8.0,UK Dynasty League 
6,2,167.44,139.58,Tomcoulton10,3,1,147.66000000000003,131.26,1.0,1.0,10.0,UK Dynasty League 
6,3,162.46,107.5,splangtree,1,7,120.60000000000001,106.2,1.0,1.0,5.0,UK Dynasty League 
6,4,143.07999999999998,130.28,benturvill61,2,6,85.88,76.38,1.0,1.0,7.0,UK Dynasty League 
6,5,95.18,64.44,mikepearson,5,8,141.62000000000003,133.32,0.0,0.0,0.0,UK Dynasty League 
6,6,85.88,76.38,wuds100,2,4,143.07999999999998,130.28,0.0,0.0,2.0,UK Dynasty League 
6,7,120.60000000000001,106.2,Pindeco,1,3,162.46,107.5,0.0,0.0,4.0,UK Dynasty League 
6,8,141.62000000000003,133.32,0llie,5,5,95.18,64.44,1.0,1.0,9.0,UK Dynasty League 
6,9,176.34,170.24,DanCoulton,6,12,110.8,86.08,1.0,1.0,11.0,UK Dynasty League 
6,10,132.38,128.38,boyd100,4,11,111.96000000000001,73.88,1.0,1.0,6.0,UK Dynasty League 
6,11,111.96000000000001,73.88,Falcano83,4,10,132.38,128.38,0.0,0.0,1.0,UK Dynasty League 
6,12,110.8,86.08,CantBuyABucket,6,9,176.34,170.24,0.0,0.0,3.0,UK Dynasty League 
7,1,147.26,117.66,MajorNC,4,11,130.12,81.52,1.0,1.0,6.0,UK Dynasty League 
7,2,204.22,159.98,Tomcoulton10,3,10,120.73999999999998,102.64,1.0,1.0,10.0,UK Dynasty League 
7,3,149.18,131.60000000000002,splangtree,2,4,180.54000000000002,150.32,0.0,0.0,7.0,UK Dynasty League 
7,4,180.54000000000002,150.32,benturvill61,2,3,149.18,131.60000000000002,1.0,1.0,9.0,UK Dynasty League 
7,5,94.65999999999998,81.58,mikepearson,5,12,131.24,95.64,0.0,0.0,2.0,UK Dynasty League 
7,6,83.02,64.0,wuds100,1,7,179.00000000000003,149.1,0.0,0.0,0.0,UK Dynasty League 
7,7,179.00000000000003,149.1,Pindeco,1,6,83.02,64.0,1.0,1.0,8.0,UK Dynasty League 
7,8,184.10000000000002,164.7,0llie,6,9,127.7,114.4,1.0,1.0,11.0,UK Dynasty League 
7,9,127.7,114.4,DanCoulton,6,8,184.10000000000002,164.7,0.0,0.0,5.0,UK Dynasty League 
7,10,120.73999999999998,102.64,boyd100,3,2,204.22,159.98,0.0,0.0,4.0,UK Dynasty League 
7,11,130.12,81.52,Falcano83,4,1,147.26,117.66,0.0,0.0,1.0,UK Dynasty League 
7,12,131.24,95.64,CantBuyABucket,5,5,94.65999999999998,81.58,1.0,1.0,3.0,UK Dynasty League 
8,1,167.48,162.38,MajorNC,5,5,110.62,76.1,1.0,1.0,10.0,UK Dynasty League 
8,2,106.23999999999998,86.60000000000001,Tomcoulton10,3,3,191.62,178.42,0.0,0.0,4.0,UK Dynasty League 
8,3,191.62,178.42,splangtree,3,2,106.23999999999998,86.60000000000001,1.0,1.0,11.0,UK Dynasty League 
8,4,106.89999999999999,91.3,benturvill61,2,12,100.48,80.06,1.0,1.0,5.0,UK Dynasty League 
8,5,110.62,76.1,mikepearson,5,1,167.48,162.38,0.0,0.0,1.0,UK Dynasty League 
8,6,99.36000000000001,66.7,wuds100,4,11,124.03999999999999,76.17999999999999,0.0,0.0,0.0,UK Dynasty League 
8,7,144.88,138.28,Pindeco,1,8,155.95999999999998,136.96,0.0,1.0,9.0,UK Dynasty League 
8,8,155.95999999999998,136.96,0llie,1,7,144.88,138.28,1.0,0.0,8.0,UK Dynasty League 
8,9,143.9,128.0,DanCoulton,6,10,132.68,120.58,1.0,1.0,7.0,UK Dynasty League 
8,10,132.68,120.58,boyd100,6,9,143.9,128.0,0.0,0.0,6.0,UK Dynasty League 
8,11,124.03999999999999,76.17999999999999,Falcano83,4,6,99.36000000000001,66.7,1.0,1.0,2.0,UK Dynasty League 
8,12,100.48,80.06,CantBuyABucket,2,4,106.89999999999999,91.3,0.0,0.0,3.0,UK Dynasty League 
9,1,127.5,116.28,MajorNC,6,9,147.24,124.0,0.0,0.0,5.0,UK Dynasty League 
9,2,174.50000000000003,158.4,Tomcoulton10,3,6,91.49999999999999,87.9,1.0,1.0,9.0,UK Dynasty League 
9,3,136.33999999999997,115.44,splangtree,4,11,111.17999999999999,50.879999999999995,1.0,1.0,4.0,UK Dynasty League 
9,4,135.56,123.25999999999999,benturvill61,2,8,171.61999999999998,159.72,0.0,0.0,6.0,UK Dynasty League 
9,5,185.95999999999998,148.68,mikepearson,5,10,171.06,167.16,1.0,0.0,8.0,UK Dynasty League 
9,6,91.49999999999999,87.9,wuds100,3,2,174.50000000000003,158.4,0.0,0.0,1.0,UK Dynasty League 
9,7,109.23999999999998,89.84,Pindeco,1,12,116.5,108.5,0.0,0.0,2.0,UK Dynasty League 
9,8,171.61999999999998,159.72,0llie,2,4,135.56,123.25999999999999,1.0,1.0,10.0,UK Dynasty League 
9,9,147.24,124.0,DanCoulton,6,1,127.5,116.28,1.0,1.0,7.0,UK Dynasty League 
9,10,171.06,167.16,boyd100,5,5,185.95999999999998,148.68,0.0,1.0,11.0,UK Dynasty League 
9,11,111.17999999999999,50.879999999999995,Falcano83,4,3,136.33999999999997,115.44,0.0,0.0,0.0,UK Dynasty League 
9,12,116.5,108.5,CantBuyABucket,1,7,109.23999999999998,89.84,1.0,1.0,3.0,UK Dynasty League 
10,1,149.62,110.98,MajorNC,1,7,86.79999999999998,55.5,1.0,1.0,5.0,UK Dynasty League 
10,2,190.92000000000004,161.34,Tomcoulton10,3,5,166.85999999999999,143.72,1.0,1.0,11.0,UK Dynasty League 
10,3,150.51999999999998,128.28,splangtree,5,8,146.94000000000003,129.74,1.0,0.0,7.0,UK Dynasty League 
10,4,94.74000000000001,87.84,benturvill61,2,10,128.0,124.0,0.0,0.0,3.0,UK Dynasty League 
10,5,166.85999999999999,143.72,mikepearson,3,2,190.92000000000004,161.34,0.0,0.0,9.0,UK Dynasty League 
10,6,98.2,63.5,wuds100,6,12,134.72000000000003,101.92,0.0,0.0,1.0,UK Dynasty League 
10,7,86.79999999999998,55.5,Pindeco,1,1,149.62,110.98,0.0,0.0,0.0,UK Dynasty League 
10,8,146.94000000000003,129.74,0llie,5,3,150.51999999999998,128.28,0.0,1.0,8.0,UK Dynasty League 
10,9,163.08,144.57999999999998,DanCoulton,4,11,119.09999999999998,66.4,1.0,1.0,10.0,UK Dynasty League 
10,10,128.0,124.0,boyd100,2,4,94.74000000000001,87.84,1.0,1.0,6.0,UK Dynasty League 
10,11,119.09999999999998,66.4,Falcano83,4,9,163.08,144.57999999999998,0.0,0.0,2.0,UK Dynasty League 
10,12,134.72000000000003,101.92,CantBuyABucket,6,6,98.2,63.5,1.0,1.0,4.0,UK Dynasty League 
11,1,165.22000000000003,142.84,MajorNC,2,4,118.84,86.74,1.0,1.0,10.0,UK Dynasty League 
11,2,192.24,172.64,Tomcoulton10,3,9,135.9,123.4,1.0,1.0,11.0,UK Dynasty League 
11,3,139.51999999999998,120.54,splangtree,5,12,123.9,108.12,1.0,1.0,7.0,UK Dynasty League 
11,4,118.84,86.74,benturvill61,2,1,165.22000000000003,142.84,0.0,0.0,3.0,UK Dynasty League 
11,5,115.6,101.54,mikepearson,4,11,93.06,37.8,1.0,1.0,4.0,UK Dynasty League 
11,6,84.34,41.42,wuds100,6,8,141.28,121.78,0.0,0.0,1.0,UK Dynasty League 
11,7,73.39999999999999,51.4,Pindeco,1,10,135.0,110.34,0.0,0.0,2.0,UK Dynasty League 
11,8,141.28,121.78,0llie,6,6,84.34,41.42,1.0,1.0,8.0,UK Dynasty League 
11,9,135.9,123.4,DanCoulton,3,2,192.24,172.64,0.0,0.0,9.0,UK Dynasty League 
11,10,135.0,110.34,boyd100,1,7,73.39999999999999,51.4,1.0,1.0,6.0,UK Dynasty League 
11,11,93.06,37.8,Falcano83,4,5,115.6,101.54,0.0,0.0,0.0,UK Dynasty League 
11,12,123.9,108.12,CantBuyABucket,5,3,139.51999999999998,120.54,0.0,0.0,5.0,UK Dynasty League 
12,1,141.29999999999998,130.1,MajorNC,6,10,115.46000000000001,102.56,1.0,1.0,10.0,UK Dynasty League 
12,2,223.01999999999998,214.32,Tomcoulton10,2,11,108.38000000000001,51.54,1.0,1.0,11.0,UK Dynasty League 
12,3,131.05999999999997,80.68,splangtree,4,6,111.32,103.72,1.0,0.0,1.0,UK Dynasty League 
12,4,108.94,104.14,benturvill61,1,7,119.48,108.68,0.0,0.0,4.0,UK Dynasty League 
12,5,130.92,117.8,mikepearson,3,9,116.98,116.08,1.0,1.0,8.0,UK Dynasty League 
12,6,111.32,103.72,wuds100,4,3,131.05999999999997,80.68,0.0,1.0,3.0,UK Dynasty League 
12,7,119.48,108.68,Pindeco,1,4,108.94,104.14,1.0,1.0,6.0,UK Dynasty League 
12,8,142.23999999999998,123.64,0llie,5,12,111.46,107.52,1.0,1.0,9.0,UK Dynasty League 
12,9,116.98,116.08,DanCoulton,3,5,130.92,117.8,0.0,0.0,7.0,UK Dynasty League 
12,10,115.46000000000001,102.56,boyd100,6,1,141.29999999999998,130.1,0.0,0.0,2.0,UK Dynasty League 
12,11,108.38000000000001,51.54,Falcano83,2,2,223.01999999999998,214.32,0.0,0.0,0.0,UK Dynasty League 
12,12,111.46,107.52,CantBuyABucket,5,8,142.23999999999998,123.64,0.0,0.0,5.0,UK Dynasty League 
13,1,180.48000000000002,144.06,MajorNC,5,8,137.04,103.64,1.0,1.0,11.0,UK Dynasty League 
13,2,158.55999999999997,117.82,Tomcoulton10,1,7,90.78,75.98,1.0,1.0,9.0,UK Dynasty League 
13,3,141.23999999999998,131.24,splangtree,3,5,102.79999999999998,67.0,1.0,1.0,10.0,UK Dynasty League 
13,4,124.34,107.14,benturvill61,2,11,83.0,64.94,1.0,1.0,8.0,UK Dynasty League 
13,5,102.79999999999998,67.0,mikepearson,3,3,141.23999999999998,131.24,0.0,0.0,2.0,UK Dynasty League 
13,6,59.620000000000005,49.02,wuds100,4,9,94.4,72.2,0.0,0.0,0.0,UK Dynasty League 
13,7,90.78,75.98,Pindeco,1,2,158.55999999999997,117.82,0.0,0.0,4.0,UK Dynasty League 
13,8,137.04,103.64,0llie,5,1,180.48000000000002,144.06,0.0,0.0,7.0,UK Dynasty League 
13,9,94.4,72.2,DanCoulton,4,6,59.620000000000005,49.02,1.0,1.0,3.0,UK Dynasty League 
13,10,140.72000000000003,94.12,boyd100,6,12,143.29999999999998,99.78,0.0,0.0,5.0,UK Dynasty League 
13,11,83.0,64.94,Falcano83,2,4,124.34,107.14,0.0,0.0,1.0,UK Dynasty League 
13,12,143.29999999999998,99.78,CantBuyABucket,6,10,140.72000000000003,94.12,1.0,1.0,6.0,UK Dynasty League 
14,1,0.0,0.0,MajorNC,6,12,0.0,0.0,0.5,0.5,5.5,UK Dynasty League 
14,2,0.0,0.0,Tomcoulton10,2,4,0.0,0.0,0.5,0.5,5.5,UK Dynasty League 
14,3,0.0,0.0,splangtree,4,9,0.0,0.0,0.5,0.5,5.5,UK Dynasty League 
14,4,0.0,0.0,benturvill61,2,2,0.0,0.0,0.5,0.5,5.5,UK Dynasty League 
14,5,0.0,0.0,mikepearson,3,6,0.0,0.0,0.5,0.5,5.5,UK Dynasty League 
14,6,0.0,0.0,wuds100,3,5,0.0,0.0,0.5,0.5,5.5,UK Dynasty League 
14,7,0.0,0.0,Pindeco,1,11,0.0,0.0,0.5,0.5,5.5,UK Dynasty League 
14,8,0.0,0.0,0llie,5,10,0.0,0.0,0.5,0.5,5.5,UK Dynasty League 
14,9,0.0,0.0,DanCoulton,4,3,0.0,0.0,0.5,0.5,5.5,UK Dynasty League 
14,10,0.0,0.0,boyd100,5,8,0.0,0.0,0.5,0.5,5.5,UK Dynasty League 
14,11,0.0,0.0,Falcano83,1,7,0.0,0.0,0.5,0.5,5.5,UK Dynasty League 
14,12,0.0,0.0,CantBuyABucket,6,1,0.0,0.0,0.5,0.5,5.5,UK Dynasty League 
